Subcategory,CategoryName,Priority,Url
"Computers, Tablets & Networks - Electronics","Drives, Storage & Blank Media - Computers, Tablets & Networks",2,https://www.ebay.co.uk/b/Computer-Drives-Storage-Blank-Media/165/bn_780242
"Computers, Tablets & Networks - Electronics","Home Networking - Computers, Tablets & Networks",2,https://www.ebay.co.uk/b/Home-Networking-Connectivity/11176/bn_1630140
"Computers, Tablets & Networks - Electronics","Keyboards, Mice & Pointers - Computers, Tablets & Networks",2,https://www.ebay.co.uk/b/Computer-Keyboards-Mice-Pointers/3676/bn_1633017
"Computers, Tablets & Networks - Electronics","Laptops & Desktop Accs. - Computers, Tablets & Networks",2,https://www.ebay.co.uk/b/Laptop-Desktop-Accessories/31530/bn_661714
"Computers, Tablets & Networks - Electronics","Laptops & Netbooks - Computers, Tablets & Networks",2,https://www.ebay.co.uk/b/Laptops-Netbooks/175672/bn_1631140
"Computers, Tablets & Networks - Electronics","Manuals & Resources - Computers, Tablets & Networks",2,https://www.ebay.co.uk/b/Computer-Tablet-Networking-Manuals-Resources/3516/bn_572481
"Computers, Tablets & Networks - Electronics","Tablet & eBook Reader Parts - Computers, Tablets & Networks",2,https://www.ebay.co.uk/b/Tablet-eBook-Reader-Parts/180235/bn_1841111
"Computers, Tablets & Networks - Electronics","Vintage Computing - Computers, Tablets & Networks",2,https://www.ebay.co.uk/b/Vintage-Computers-Mainframes/162075/bn_572462
Sound & Vision - Electronics,"DVD, Blu-ray & Home Cinema - Sound & Vision",2,https://www.ebay.co.uk/b/DVD-Blu-ray-Home-Cinema/32852/bn_1632441
Sound & Vision - Electronics,Headphones - Sound & Vision,2,https://www.ebay.co.uk/b/Headphones/112529/bn_877754
Sound & Vision - Electronics,Home Audio & HiFi Separates - Sound & Vision,2,https://www.ebay.co.uk/b/Home-Audio-HiFi-Separates/14969/bn_1838773
Sound & Vision - Electronics,Multipurpose Batteries and Power - Sound & Vision,2,https://www.ebay.co.uk/b/Multipurpose-Batteries-Power/48446/bn_1630451
Sound & Vision - Electronics,Other Sound & Vision - Sound & Vision,2,https://www.ebay.co.uk/b/Other-Sound-Vision/175837/bn_1842037
Sound & Vision - Electronics,Performance & DJ Equipment - Sound & Vision,2,https://www.ebay.co.uk/b/Performance-DJ-Equipment/48458/bn_1676803
Sound & Vision - Electronics,Portable Disc Players & Radios - Sound & Vision,2,https://www.ebay.co.uk/b/Portable-Disc-Players-Radios/175747/bn_1632017
Sound & Vision - Electronics,Smart Glasses - Sound & Vision,2,https://www.ebay.co.uk/b/Smart-Glasses/178894/bn_1842027
Sound & Vision - Electronics,Sound & Vision Manuals & Resources - Sound & Vision,2,https://www.ebay.co.uk/b/Sound-Vision-Manuals-Resources/48644/bn_1840124
Sound & Vision - Electronics,TV & Home Audio Accessories - Sound & Vision,2,https://www.ebay.co.uk/b/TV-Home-Audio-Accessories/14961/bn_1839784
Sound & Vision - Electronics,TV Reception & Set-Top Boxes - Sound & Vision,2,https://www.ebay.co.uk/b/TV-Reception-Set-Top-Boxes/15069/bn_1838822
Sound & Vision - Electronics,"TV, Home & Audio Accessories - Sound & Vision",2,https://www.ebay.co.uk/b/TV-Home-Audio-Accessories/14961/bn_1839784
Sound & Vision - Electronics,Televisions - Sound & Vision,2,https://www.ebay.co.uk/b/Televisions/11071/bn_1839641
Sound & Vision - Electronics,Vintage Sound and Vision - Sound & Vision,2,https://www.ebay.co.uk/b/Vintage-Sound-Vision/175740/bn_1634826
Sound & Vision - Electronics,iPod & MP3 Player Accessories - Sound & Vision,2,https://www.ebay.co.uk/b/iPod-and-MP3-Player-Accessories/56169/bn_877451
Sound & Vision - Electronics,iPods & MP3 Players - Sound & Vision,2,https://www.ebay.co.uk/b/MP3-Players/73839/bn_875530
Video Games & Consoles - Electronics,Prepaid Gaming Cards - Video Games & Consoles,2,https://www.ebay.co.uk/b/Prepaid-Gaming-Cards/156597/bn_1838659
"Sporting Goods - Sports, Hobbies & Leisure",American Football - Sporting Goods,2,https://www.ebay.co.uk/b/American-Football/21214/bn_1839255
"Sporting Goods - Sports, Hobbies & Leisure",Archery - Sporting Goods,2,https://www.ebay.co.uk/b/Archery/20835/bn_1842026
"Sporting Goods - Sports, Hobbies & Leisure",Badminton - Sporting Goods,2,https://www.ebay.co.uk/b/Badminton/106460/bn_1841462
"Sporting Goods - Sports, Hobbies & Leisure",Baseball - Sporting Goods,2,https://www.ebay.co.uk/b/Baseball-Softball/16021/bn_1841449
"Sporting Goods - Sports, Hobbies & Leisure",Basketball - Sporting Goods,2,https://www.ebay.co.uk/b/Basketball/21194/bn_1839444
"Sporting Goods - Sports, Hobbies & Leisure",Bowling (Ten-Pin) - Sporting Goods,2,https://www.ebay.co.uk/b/Ten-Pin-Bowling/20846/bn_1841139
"Sporting Goods - Sports, Hobbies & Leisure",Bowls - Sporting Goods,2,https://www.ebay.co.uk/b/Bowls-Lawn/117103/bn_1838601
"Sporting Goods - Sports, Hobbies & Leisure",Boxing - Sporting Goods,2,https://www.ebay.co.uk/b/Boxing/30100/bn_1841469
"Sporting Goods - Sports, Hobbies & Leisure",Camping & Hiking - Sporting Goods,2,https://www.ebay.co.uk/b/Camping-Hiking-Goods/16034/bn_1841706
"Sporting Goods - Sports, Hobbies & Leisure",Canoeing & Kayaking - Sporting Goods,2,https://www.ebay.co.uk/b/Canoeing-Kayaking/36121/bn_1841498
"Sporting Goods - Sports, Hobbies & Leisure",Climbing / Mountaineering - Sporting Goods,2,https://www.ebay.co.uk/b/Climbing-Mountaineering/30105/bn_1842028
"Sporting Goods - Sports, Hobbies & Leisure",Cricket - Sporting Goods,2,https://www.ebay.co.uk/b/Cricket/21557/bn_1839865
"Sporting Goods - Sports, Hobbies & Leisure",Cycling - Sporting Goods,2,https://www.ebay.co.uk/b/Cycling-Goods/7294/bn_1669642
"Sporting Goods - Sports, Hobbies & Leisure",Darts - Sporting Goods,2,https://www.ebay.co.uk/b/Darts-Accessories/72575/bn_1838393
"Sporting Goods - Sports, Hobbies & Leisure",Equestrian - Sporting Goods,2,https://www.ebay.co.uk/b/Equestrian-Equipment/3153/bn_1841777
"Sporting Goods - Sports, Hobbies & Leisure",Fishing - Sporting Goods,2,https://www.ebay.co.uk/b/Fishing/1492/bn_1838600
"Sporting Goods - Sports, Hobbies & Leisure","Fitness, Running & Yoga - Sporting Goods",2,https://www.ebay.co.uk/b/Fitness-Running-Yoga/15273/bn_1841074
"Sporting Goods - Sports, Hobbies & Leisure",Football - Sporting Goods,2,https://www.ebay.co.uk/b/Football-Sporting-Goods/20862/bn_1842001
"Sporting Goods - Sports, Hobbies & Leisure",Football Shirts - Sporting Goods,2,https://www.ebay.co.uk/b/Football-Shirts/33485/bn_1841040
"Sporting Goods - Sports, Hobbies & Leisure",Golf - Sporting Goods,2,https://www.ebay.co.uk/b/Golf-Goods/1513/bn_1839270
"Sporting Goods - Sports, Hobbies & Leisure",Gymnastics - Sporting Goods,2,https://www.ebay.co.uk/b/Gymnastics/79792/bn_1841483
"Sporting Goods - Sports, Hobbies & Leisure",Hockey - Sporting Goods,2,https://www.ebay.co.uk/b/Hockey/4388/bn_1839239
"Sporting Goods - Sports, Hobbies & Leisure",Hunting - Sporting Goods,2,https://www.ebay.co.uk/b/Hunting-Goods/7301/bn_1838622
"Sporting Goods - Sports, Hobbies & Leisure",Ice Hockey - Sporting Goods,2,https://www.ebay.co.uk/b/Ice-Hockey/40154/bn_1841047
"Sporting Goods - Sports, Hobbies & Leisure",Ice Skating - Sporting Goods,2,https://www.ebay.co.uk/b/Ice-Skating/21225/bn_1838750
"Sporting Goods - Sports, Hobbies & Leisure",Inline & Roller Skating - Sporting Goods,2,https://www.ebay.co.uk/b/Inline-Roller-Skating/16258/bn_1838685
"Sporting Goods - Sports, Hobbies & Leisure",Kitesurfing & Powerkites - Sporting Goods,2,https://www.ebay.co.uk/b/Kitesurfing-Powerkites/117146/bn_1838738
"Sporting Goods - Sports, Hobbies & Leisure",Martial Arts - Sporting Goods,2,https://www.ebay.co.uk/b/Martial-Arts/36279/bn_1842069
"Sporting Goods - Sports, Hobbies & Leisure",Other Sporting Goods - Sporting Goods,2,https://www.ebay.co.uk/b/More-Sporting-Goods/40141/bn_1839151
"Sporting Goods - Sports, Hobbies & Leisure",Paintballing - Sporting Goods,2,https://www.ebay.co.uk/b/Pre-Victorian-Armoires-Wardrobes-Pre-1837/98437/bn_16570033
"Sporting Goods - Sports, Hobbies & Leisure",Rugby League - Sporting Goods,2,https://www.ebay.co.uk/b/Rugby-League/123687/bn_1839336
"Sporting Goods - Sports, Hobbies & Leisure",Rugby Union - Sporting Goods,2,https://www.ebay.co.uk/b/Rugby-Union/21563/bn_1842032
"Sporting Goods - Sports, Hobbies & Leisure",SCUBA & Snorkelling - Sporting Goods,2,https://www.ebay.co.uk/b/SCUBA-Snorkelling/16052/bn_1841997
"Sporting Goods - Sports, Hobbies & Leisure",Sailing - Sporting Goods,2,https://www.ebay.co.uk/b/Sailing/98952/bn_1842039
"Sporting Goods - Sports, Hobbies & Leisure",Scooters - Sporting Goods,2,https://www.ebay.co.uk/b/Scooters/11330/bn_1839409
"Sporting Goods - Sports, Hobbies & Leisure",Skateboarding - Sporting Goods,2,https://www.ebay.co.uk/b/Skateboarding/16262/bn_1841999
"Sporting Goods - Sports, Hobbies & Leisure",Skiing & Snowboarding - Sporting Goods,2,https://www.ebay.co.uk/b/Skiing-Snowboarding/36259/bn_1841501
"Sporting Goods - Sports, Hobbies & Leisure",Snooker & Pool - Sporting Goods,2,https://www.ebay.co.uk/b/Snooker-Pool/21567/bn_1839866
"Sporting Goods - Sports, Hobbies & Leisure",Squash - Sporting Goods,2,https://www.ebay.co.uk/b/Squash/62166/bn_1838541
"Sporting Goods - Sports, Hobbies & Leisure",Surfing - Sporting Goods,2,https://www.ebay.co.uk/b/Surfing/22709/bn_1840058
"Sporting Goods - Sports, Hobbies & Leisure",Swimming - Sporting Goods,2,https://www.ebay.co.uk/b/Swimming/74050/bn_1838392
"Sporting Goods - Sports, Hobbies & Leisure",Table Tennis - Sporting Goods,2,https://www.ebay.co.uk/b/Table-Tennis/97072/bn_1840120
"Sporting Goods - Sports, Hobbies & Leisure",Tennis - Sporting Goods,2,https://www.ebay.co.uk/b/Tennis/13340/bn_1839901
"Sporting Goods - Sports, Hobbies & Leisure",Trophies - Sporting Goods,2,https://www.ebay.co.uk/b/Sports-Trophies/44704/bn_1841748
"Sporting Goods - Sports, Hobbies & Leisure",Waterskiing & Wakeboarding - Sporting Goods,2,https://www.ebay.co.uk/b/Waterskiing-Wakeboarding/23806/bn_1841039
Art - Collectibles & Art,Sculptures - Art,2,https://www.ebay.co.uk/b/Art-Sculptures/553/bn_2316943
"DVDs, Films & TV - Collectibles & Art","Film Memorabilia - DVDs, Films & TV",2,https://www.ebay.co.uk/b/Film-Memorabilia/57/bn_1838684
"DVDs, Films & TV - Collectibles & Art","TV Memorabilia - DVDs, Films & TV",2,https://www.ebay.co.uk/b/TV-Memorabilia/1424/bn_1842066
Dolls & Bears - Collectibles & Art,Barbie Dolls - Dolls & Bears,2,https://www.ebay.co.uk/b/Barbie-Dolls-Mattel/33305/bn_16567037
Dolls & Bears - Collectibles & Art,Bear Making Supplies - Dolls & Bears,2,https://www.ebay.co.uk/b/Teddy-Bear-Making-Supplies/50253/bn_2316870
Dolls & Bears - Collectibles & Art,Bears - Dolls & Bears,2,https://www.ebay.co.uk/b/Teddy-Bears/386/bn_1841778
Dolls & Bears - Collectibles & Art,Dollhouse Miniatures - Dolls & Bears,2,https://www.ebay.co.uk/b/Doll-Miniatures-Houses/1202/bn_1841698
Dolls & Bears - Collectibles & Art,"Dolls, Clothing & Accessories - Dolls & Bears",2,https://www.ebay.co.uk/b/Dolls-Clothing-Accessories/238/bn_1841514
Musical Instruments - Collectibles & Art,Accessories & Equipment - Musical Instruments,2,https://www.ebay.co.uk/b/General-Music-Accessories-Equipment/180008/bn_1842038
Musical Instruments - Collectibles & Art,Brass - Musical Instruments,2,https://www.ebay.co.uk/b/Brass-Instruments/16212/bn_1838818
Musical Instruments - Collectibles & Art,Guitar & Basses - Musical Instruments,2,https://www.ebay.co.uk/b/Guitars-Basses/3858/bn_1842014
Musical Instruments - Collectibles & Art,Instruction Books & Media - Musical Instruments,2,https://www.ebay.co.uk/b/Instruction-Books-CDs-Video/182150/bn_1840117
Musical Instruments - Collectibles & Art,Keyboards & Piano - Musical Instruments,2,https://www.ebay.co.uk/b/Keyboards-Pianos/180010/bn_1839730
Musical Instruments - Collectibles & Art,Other Musical Instruments - Musical Instruments,2,https://www.ebay.co.uk/b/Other-Musical-Instruments/308/bn_1841440
Musical Instruments - Collectibles & Art,Percussion - Musical Instruments,2,https://www.ebay.co.uk/b/Percussion-Instruments/180012/bn_1841029
Musical Instruments - Collectibles & Art,Pro Audio Equiptment - Musical Instruments,2,https://www.ebay.co.uk/b/Pro-Audio-Equipment/180014/bn_1841031
Musical Instruments - Collectibles & Art,Sheet Music & Song Books - Musical Instruments,2,https://www.ebay.co.uk/b/Sheet-Music-Song-Books/180015/bn_1842002
Musical Instruments - Collectibles & Art,String - Musical Instruments,2,https://www.ebay.co.uk/b/String-Instruments/180016/bn_1842063
Musical Instruments - Collectibles & Art,Vintage Musical Instruments - Musical Instruments,2,https://www.ebay.co.uk/b/Vintage-Musical-Instruments/181162/bn_7204980
Musical Instruments - Collectibles & Art,Wind & Woodwind - Musical Instruments,2,https://www.ebay.co.uk/b/Wind-Woodwind-Instruments/10181/bn_1841507
Sports Memorablilia - Collectibles & Art,American Football Memorabilia - Sports Memorablilia,2,https://www.ebay.co.uk/b/American-Football-Memorabilia/24475/bn_1839877
Sports Memorablilia - Collectibles & Art,Boxing Memorabilia - Sports Memorablilia,2,https://www.ebay.co.uk/b/Boxing-Memorabilia/31633/bn_1842068
Sports Memorablilia - Collectibles & Art,Cricket Memorabilia - Sports Memorablilia,2,https://www.ebay.co.uk/b/Cricket-Memorabilia/27391/bn_1838800
Sports Memorablilia - Collectibles & Art,Football Memorabilia - Sports Memorablilia,2,https://www.ebay.co.uk/b/Football-Memorabilia/6093/bn_1838389
Sports Memorablilia - Collectibles & Art,Football Programmes - Sports Memorablilia,2,https://www.ebay.co.uk/b/Football-Programmes/53621/bn_1840115
Sports Memorablilia - Collectibles & Art,Football Shirts - Sports Memorablilia,2,https://www.ebay.co.uk/b/Memorabilia-Football-Shirts/53597/bn_1842940
Sports Memorablilia - Collectibles & Art,Golf Memorabilia - Sports Memorablilia,2,https://www.ebay.co.uk/b/Golf-Memorabilia/31647/bn_1841709
Sports Memorablilia - Collectibles & Art,Horse Racing Memorabilia - Sports Memorablilia,2,https://www.ebay.co.uk/b/Horse-Racing-Memorabilia/31663/bn_1838636
Sports Memorablilia - Collectibles & Art,Ice Hockey Memorabilia - Sports Memorablilia,2,https://www.ebay.co.uk/b/Ice-Hockey-Memorabilia/24510/bn_1840060
Sports Memorablilia - Collectibles & Art,Motorsports Memorabilia - Sports Memorablilia,2,https://www.ebay.co.uk/b/Motor-Sport-Memorabilia/68362/bn_1839360
Sports Memorablilia - Collectibles & Art,Olympic Memorabilia - Sports Memorablilia,2,https://www.ebay.co.uk/b/Olympic-Memorabilia/27291/bn_1838801
Sports Memorablilia - Collectibles & Art,Other Sports Memorabilia - Sports Memorablilia,2,https://www.ebay.co.uk/b/More-Sports-Memorabilia/75690/bn_1839013
Sports Memorablilia - Collectibles & Art,Rugby League Memorabilia - Sports Memorablilia,2,https://www.ebay.co.uk/b/Rugby-League-Memorabilia/53653/bn_1842036
Sports Memorablilia - Collectibles & Art,Rugby Union Memorabilia - Sports Memorablilia,2,https://www.ebay.co.uk/b/Rugby-Union-Memorabilia/53656/bn_1839569
Sports Memorablilia - Collectibles & Art,Subbuteo - Sports Memorablilia,2,https://www.ebay.co.uk/b/Subbuteo/21550/bn_1840061
Sports Memorablilia - Collectibles & Art,Tennis Memorabilia - Sports Memorablilia,2,https://www.ebay.co.uk/b/Tennis-Memorabilia/430/bn_1841730
Sports Memorablilia - Collectibles & Art,Wrestling Memorabilia - Sports Memorablilia,2,https://www.ebay.co.uk/b/Wrestling-Memorabilia/31677/bn_1838890
Toys & Games - Collectibles & Art,Action Figures - Toys & Games,2,https://www.ebay.co.uk/b/Action-Figures/246/bn_1632128
Toys & Games - Collectibles & Art,Bean Bag Plush - Toys & Games,2,https://www.ebay.co.uk/b/Bean-Bag-Plush/439/bn_2316722
Toys & Games - Collectibles & Art,Beanies - Toys & Games,2,https://www.ebay.co.uk/b/Beanies/49019/bn_1838942
Toys & Games - Collectibles & Art,Construction Toys & Kits - Toys & Games,2,https://www.ebay.co.uk/b/Construction-Toys-Kits/183446/bn_1842031
Toys & Games - Collectibles & Art,Creative Toys & Activities - Toys & Games,2,https://www.ebay.co.uk/b/Creative-Toys-Activities/80546/bn_1841735
Toys & Games - Collectibles & Art,Diecast - Toys & Games,2,https://www.ebay.co.uk/b/Diecast-Vehicles/222/bn_1676972
Toys & Games - Collectibles & Art,Diecast & Vehicles - Toys & Games,2,https://www.ebay.co.uk/b/Diecast-Vehicles/222/bn_1676972
Toys & Games - Collectibles & Art,Educational Toys - Toys & Games,2,https://www.ebay.co.uk/b/Educational-Toys/11731/bn_1840162
Toys & Games - Collectibles & Art,Electronic Pets - Toys & Games,2,https://www.ebay.co.uk/b/Electronic-Toy-Pets/1082/bn_1842057
Toys & Games - Collectibles & Art,"Fast Food, Cereal & Sweet Toys - Toys & Games",2,https://www.ebay.co.uk/b/Fast-Food-Cereal-Sweets-Toys/767/bn_1839771
Toys & Games - Collectibles & Art,Games - Toys & Games,2,https://www.ebay.co.uk/b/Games/233/bn_1841135
Toys & Games - Collectibles & Art,Jigsaws & Puzzles - Toys & Games,2,https://www.ebay.co.uk/b/Jigsaws-Puzzles/2613/bn_1841045
Toys & Games - Collectibles & Art,Marbles - Toys & Games,2,https://www.ebay.co.uk/b/Vintage-Classic-Toy-Marbles/58799/bn_2316167
Toys & Games - Collectibles & Art,Model Kits - Toys & Games,2,https://www.ebay.co.uk/b/Toy-Model-Kits/1188/bn_1842061
Toys & Games - Collectibles & Art,Other Toys & Games - Toys & Games,2,https://www.ebay.co.uk/b/Other-Toys-Games/1039/bn_1838268
Toys & Games - Collectibles & Art,Outdoor Toys & Activities - Toys & Games,2,https://www.ebay.co.uk/b/Outdoor-Toys-Activities/11743/bn_1838198
Toys & Games - Collectibles & Art,Pre-School & Young Children - Toys & Games,2,https://www.ebay.co.uk/b/Pre-School-Young-Children-Toys/19169/bn_1841736
Toys & Games - Collectibles & Art,Radio-Controlled - Toys & Games,2,https://www.ebay.co.uk/b/RC-Model-Vehicles-Remote-Controlled-Toys/2562/bn_1841711
Toys & Games - Collectibles & Art,Scalextric & Slot Car - Toys & Games,2,https://www.ebay.co.uk/b/Scalextric-Slot-Cars/2616/bn_1838820
Toys & Games - Collectibles & Art,Soft Toys & Stuffed Animals - Toys & Games,2,https://www.ebay.co.uk/b/Soft-Toys-Stuffed-Animals/436/bn_1842073
Toys & Games - Collectibles & Art,Steam - Toys & Games,2,https://www.ebay.co.uk/b/Steam-Toys/14737/bn_1841073
Toys & Games - Collectibles & Art,TV & Film Character Toys - Toys & Games,2,https://www.ebay.co.uk/b/TV-Film-Character-Toys/2624/bn_1839777
Toys & Games - Collectibles & Art,Toy Soldiers - Toys & Games,2,https://www.ebay.co.uk/b/Toy-Soldiers/2631/bn_1839880
Toys & Games - Collectibles & Art,Vintage - Toys & Games,2,https://www.ebay.co.uk/b/Vintage-Classic-Toys/717/bn_1839558
Toys & Games - Collectibles & Art,Vintage & Classic Toys - Toys & Games,2,https://www.ebay.co.uk/b/Vintage-Classic-Toys/717/bn_1839558
Toys & Games - Collectibles & Art,Vintage Vehicles - Toys & Games,2,https://www.ebay.co.uk/b/Diecast-Vehicles/222/bn_1676972
Toys & Games - Collectibles & Art,Wargames & Role-Playing - Toys & Games,2,https://www.ebay.co.uk/b/Wargames-Role-Playing-Games/16486/bn_1842051
Fragrances - Health & Beauty,Children's Fragrances - Fragrances,2,https://www.ebay.co.uk/b/Fragrances-for-Children/159719/bn_776999
Fragrances - Health & Beauty,Men's Fragrances & Aftershaves - Fragrances,2,https://www.ebay.co.uk/b/Fragrances-Aftershaves-for-Men/29585/bn_780424
Fragrances - Health & Beauty,Unisex Fragrances - Fragrances,2,https://www.ebay.co.uk/b/Unisex-Fragrances/112661/bn_780257
Fragrances - Health & Beauty,Women's Fragrances - Fragrances,2,https://www.ebay.co.uk/b/Fragrances-for-Women/11848/bn_760521
Hair Care & Styling - Health & Beauty,"Bands, Clips & Styling Accessories - Hair Care & Styling",2,https://www.ebay.co.uk/b/Hair-Loss-Treatments/31413/bn_2316330
Hair Care & Styling - Health & Beauty,Brushes & Combs - Hair Care & Styling,2,https://www.ebay.co.uk/b/Hair-Brushes-Combs/11855/bn_2314553
Hair Care & Styling - Health & Beauty,Curling Tongs & Straighteners - Hair Care & Styling,2,https://www.ebay.co.uk/b/Hair-Straighteners-Curling-Tongs/177659/bn_2315512
Hair Care & Styling - Health & Beauty,Hair Colourants - Hair Care & Styling,2,https://www.ebay.co.uk/b/Hair-Colourants/31412/bn_2316329
Hair Care & Styling - Health & Beauty,Hair Curling Tongs & Straighteners - Hair Care & Styling,2,https://www.ebay.co.uk/b/Hair-Straighteners-Curling-Tongs/177659/bn_2315512
Hair Care & Styling - Health & Beauty,Hair Dryers - Hair Care & Styling,2,https://www.ebay.co.uk/b/Hair-Dryers/11858/bn_2314554
Hair Care & Styling - Health & Beauty,Hair Extensions & Wigs - Hair Care & Styling,2,https://www.ebay.co.uk/b/Hair-Extensions-Wigs/182101/bn_1528222
Hair Care & Styling - Health & Beauty,Hair Loss Treatments - Hair Care & Styling,2,https://www.ebay.co.uk/b/Hair-Loss-Treatments/31413/bn_2316330
Hair Care & Styling - Health & Beauty,Hair Perms - Hair Care & Styling,2,https://www.ebay.co.uk/b/Hair-Perms/166738/bn_2315392
Hair Care & Styling - Health & Beauty,Hair Rollers & Curlers - Hair Care & Styling,2,https://www.ebay.co.uk/b/Hair-Rollers-Curlers/36407/bn_2316479
Hair Care & Styling - Health & Beauty,Hair Serums & Oils - Hair Care & Styling,2,https://www.ebay.co.uk/b/Hair-Treatments-Oils-Heat-Protectors/177660/bn_2315513
Hair Care & Styling - Health & Beauty,Hair Sets & Kits - Hair Care & Styling,2,https://www.ebay.co.uk/b/Hair-Care-Styling-Sets-Kits/31788/bn_2316355
Hair Care & Styling - Health & Beauty,Hair Straighten / Smoothing Products - Hair Care & Styling,2,https://www.ebay.co.uk/b/Hair-Relaxers-Straightening-Products/177662/bn_2315515
Hair Care & Styling - Health & Beauty,Hair Styling Products - Hair Care & Styling,2,https://www.ebay.co.uk/b/Hair-Styling-Products/11860/bn_2314555
Hair Care & Styling - Health & Beauty,Medicated Hair Treatments - Hair Care & Styling,2,https://www.ebay.co.uk/b/Medicated-Hair-Treatments/109075/bn_2314295
Hair Care & Styling - Health & Beauty,Shampoos & Conditioning - Hair Care & Styling,2,https://www.ebay.co.uk/b/Shampoos-Conditioners/177661/bn_2315514
Hair Care & Styling - Health & Beauty,Shower Caps - Hair Care & Styling,2,https://www.ebay.co.uk/b/Shower-Caps/182100/bn_16570511
Hair Care & Styling - Health & Beauty,Travel & Sample Sizes - Hair Care & Styling,2,https://www.ebay.co.uk/b/Other-Hair-Care-Styling-Products/177658/bn_2317545
Makeup - Health & Beauty,Body Make Up - Makeup,2,https://www.ebay.co.uk/b/Body-Make-Up/172016/bn_1874669
Makeup - Health & Beauty,Eye Make Up - Makeup,2,https://www.ebay.co.uk/b/Eye-Make-Up/172020/bn_1874795
Makeup - Health & Beauty,Face Make Up - Makeup,2,https://www.ebay.co.uk/b/Face-Make-Up/172025/bn_1874667
Makeup - Health & Beauty,Lip Make Up - Makeup,2,https://www.ebay.co.uk/b/Lip-Make-Up/172027/bn_1874736
Makeup - Health & Beauty,Make-up Tools & Accessories - Makeup,2,https://www.ebay.co.uk/b/Make-Up-Tools-Accessories/36409/bn_1874731
Makeup - Health & Beauty,Make-up cases & Bags - Makeup,2,https://www.ebay.co.uk/b/Make-Up-Cases-Bags/36413/bn_1874730
Makeup - Health & Beauty,Mixed Items - Makeup,2,https://www.ebay.co.uk/b/Mixed-Make-Up-Items/11985/bn_1874798
Makeup - Health & Beauty,Sets & Kits - Makeup,2,https://www.ebay.co.uk/b/Make-Up-Sets-Kits/107956/bn_1874807
Makeup - Health & Beauty,Travel & Sample Sizes - Makeup,2,https://www.ebay.co.uk/b/Other-Make-Up/31811/bn_1874603
Jewellery & Watches - Fashion,Body Jewellery - Jewellery & Watches,3,https://www.ebay.co.uk/b/Body-Jewellery/15124/bn_1841490
Jewellery & Watches - Fashion,Costume Jewellery - Jewellery & Watches,3,https://www.ebay.co.uk/b/Costume-Jewellery/10968/bn_1841104
Jewellery & Watches - Fashion,Ethnic Tribal - Jewellery & Watches,3,https://www.ebay.co.uk/b/Ethnic-Tribal-Jewellery/11312/bn_1838057
Jewellery & Watches - Fashion,Fine Jewellery - Jewellery & Watches,3,https://www.ebay.co.uk/b/Fine-Jewellery/4196/bn_1841461
Jewellery & Watches - Fashion,Men's Jewellery - Jewellery & Watches,3,https://www.ebay.co.uk/b/Mens-Jewellery/10290/bn_1632291
Jewellery & Watches - Fashion,Other Jewellery & Watcches - Jewellery & Watches,3,https://www.ebay.co.uk/b/Other-Jewellery-Watches/98863/bn_1841715
Jewellery & Watches - Fashion,Vintage & Antique - Jewellery & Watches,3,https://www.ebay.co.uk/b/Vintage-Antique-Jewellery/48579/bn_1841071
Jewellery & Watches - Fashion,Wristwatches - Jewellery & Watches,3,https://www.ebay.co.uk/b/Wristwatches/31387/bn_1676345
Men's Clothing - Fashion,Activewear - Men's Clothing,3,https://www.ebay.co.uk/b/Mens-Activewear/137084/bn_690917
Men's Clothing - Fashion,Casual Shirts & Tops - Men's Clothing,3,https://www.ebay.co.uk/b/Mens-Casual-Shirts-Tops/57990/bn_690927
Men's Clothing - Fashion,Formal Shirts - Men's Clothing,3,https://www.ebay.co.uk/b/Mens-Formal-Shirts/57991/bn_690918
Men's Clothing - Fashion,Hoodies & Sweats - Men's Clothing,3,https://www.ebay.co.uk/b/Mens-Hoodies-Sweats/155183/bn_692597
Men's Clothing - Fashion,Jeans - Men's Clothing,3,https://www.ebay.co.uk/b/Mens-Jeans/11483/bn_689591
Men's Clothing - Fashion,Jumpers & Cardigans - Men's Clothing,3,https://www.ebay.co.uk/b/Mens-Jumpers-and-Cardigans/11484/bn_691006
Men's Clothing - Fashion,Men's Accessories - Men's Clothing,3,https://www.ebay.co.uk/b/Mens-Accessories/4250/bn_1631741
Men's Clothing - Fashion,Nightwear - Men's Clothing,3,https://www.ebay.co.uk/b/Mens-Nightwear/11510/bn_690880
Men's Clothing - Fashion,Shorts - Men's Clothing,3,https://www.ebay.co.uk/b/Mens-Shorts/15689/bn_690373
Men's Clothing - Fashion,Socks - Men's Clothing,3,https://www.ebay.co.uk/b/Mens-Socks/11511/bn_692595
Men's Clothing - Fashion,Suits & Tailoring - Men's Clothing,3,https://www.ebay.co.uk/b/Mens-Suits-Tailoring/3001/bn_691089
Men's Clothing - Fashion,Swimwear - Men's Clothing,3,https://www.ebay.co.uk/b/Mens-Swimwear/15690/bn_692589
Men's Clothing - Fashion,T-Shirts - Men's Clothing,3,https://www.ebay.co.uk/b/Mens-T-Shirts/15687/bn_690372
Men's Clothing - Fashion,Trousers - Men's Clothing,3,https://www.ebay.co.uk/b/Mens-Trousers/57989/bn_692592
Men's Clothing - Fashion,Underwear - Men's Clothing,3,https://www.ebay.co.uk/b/Mens-Underwear/11507/bn_689727
Men's Clothing - Fashion,Waistcoats - Men's Clothing,3,https://www.ebay.co.uk/b/Mens-Waistcoats/15691/bn_692010
Bath - Home & Garden,Scales - Bath,3,https://www.ebay.co.uk/b/Bathroom-Scales/108298/bn_821960
DIY & Home Improvement - Home & Garden,Hand Tools - DIY & Home Improvement,3,https://www.ebay.co.uk/b/Hand-Tools-in-DIY/3244/bn_2316368
DIY & Home Improvement - Home & Garden,Measuring & Layout Tools - DIY & Home Improvement,3,https://www.ebay.co.uk/b/Measuring-Layout-Tools/29523/bn_2316269
DIY & Home Improvement - Home & Garden,Painting Supplies - DIY & Home Improvement,3,https://www.ebay.co.uk/b/Painting-Supplies-in-DIY/41989/bn_2316652
DIY & Home Improvement - Home & Garden,Power Tools - DIY & Home Improvement,3,https://www.ebay.co.uk/b/Power-Tools/3247/bn_2316369
DIY & Home Improvement - Home & Garden,Tool Boxes / Storage - DIY & Home Improvement,3,https://www.ebay.co.uk/b/Tool-Boxes-Storage/11706/bn_2314488
DIY & Home Improvement - Home & Garden,Torches - DIY & Home Improvement,3,https://www.ebay.co.uk/b/Torches/20760/bn_2316043
More in Home & Garden,Luggage & Travel Accessories - More in Home & Garden,3,https://www.ebay.co.uk/b/Luggage-Travel-Accessories/157967/bn_1840286
More in Home & Garden,Metaphysical & New Age - More in Home & Garden,3,https://www.ebay.co.uk/b/Metaphysical-New-Age-Products/19266/bn_1839343
More in Home & Garden,Rugs & Carpets - More in Home & Garden,3,https://www.ebay.co.uk/b/Rugs-Carpets/20571/bn_1632681
More in Home & Garden,Security & Home Automation - More in Home & Garden,3,https://www.ebay.co.uk/b/Home-Security-Automation/41968/bn_450734
Camera & Photo - Electronics,Camcorders - Camera & Photo,3,https://www.ebay.co.uk/b/Camcorders/11724/bn_265
Camera & Photo - Electronics,Camera & Photo Accessories - Camera & Photo,3,https://www.ebay.co.uk/b/Camera-Accessories/15200/bn_71551
Camera & Photo - Electronics,Camera Drones - Camera & Photo,3,https://www.ebay.co.uk/b/Camera-Drones/179697/bn_89952
Camera & Photo - Electronics,Camera Manuals & Guides - Camera & Photo,3,https://www.ebay.co.uk/b/Camera-Manuals-Guides/4684/bn_176727
Camera & Photo - Electronics,Digital Camera Parts - Camera & Photo,3,https://www.ebay.co.uk/b/Digital-Camera-Parts/64352/bn_176733
Camera & Photo - Electronics,Digital Cameras - Camera & Photo,3,https://www.ebay.co.uk/b/Digital-Cameras/31388/bn_787
Camera & Photo - Electronics,Digital Photo Frames - Camera & Photo,3,https://www.ebay.co.uk/b/Digital-Photo-Frames/150044/bn_176673
Camera & Photo - Electronics,Film Photography - Camera & Photo,3,https://www.ebay.co.uk/b/Film-Photography/69323/bn_176735
Camera & Photo - Electronics,Flashes & Accessories - Camera & Photo,3,https://www.ebay.co.uk/b/Camera-Flashes-Accessories/64353/bn_176734
Camera & Photo - Electronics,Lenses & Filters - Camera & Photo,3,https://www.ebay.co.uk/b/Camera-Lens-Filters/15216/bn_176676
Camera & Photo - Electronics,Lighting & Studio - Camera & Photo,3,https://www.ebay.co.uk/b/Photo-Studio-Flash-Lighting/124848/bn_176671
Camera & Photo - Electronics,Other Photography - Camera & Photo,3,https://www.ebay.co.uk/b/Other-Photography/27432/bn_1838226
Camera & Photo - Electronics,Telescopes & Binoculars - Camera & Photo,3,https://www.ebay.co.uk/b/Telescope-Parts-Accessories/74922/bn_176737
Camera & Photo - Electronics,Tripods & Supports - Camera & Photo,3,https://www.ebay.co.uk/b/Camera-Tripods-Supports/30090/bn_176718
Camera & Photo - Electronics,Vintage Photography - Camera & Photo,3,https://www.ebay.co.uk/b/Vintage-Photography/3326/bn_176724
"Computers, Tablets & Networks - Electronics","iPads, Tablet & eBook Reader Accs - Computers, Tablets & Networks",3,https://www.ebay.co.uk/b/Tablet-eBook-Reader-Accessories/176970/bn_771644
"Computers, Tablets & Networks - Electronics","iPads, Tablets & eBook Readers - Computers, Tablets & Networks",3,https://www.ebay.co.uk/b/Tablets-eBook-Readers/171485/bn_450775
Mobile & Home Phones - Electronics,Charger & Docks - Mobile & Home Phones,3,https://www.ebay.co.uk/b/Mobile-Phone-PDA-Chargers-Docks/123417/bn_450849
Mobile & Home Phones - Electronics,Dummy Mobile Phones - Mobile & Home Phones,3,https://www.ebay.co.uk/b/Dummy-Mobile-Phones/136699/bn_450845
Mobile & Home Phones - Electronics,Headsets - Mobile & Home Phones,3,https://www.ebay.co.uk/b/Mobile-Phone-and-PDA-Headsets-with-Bluetooth/80077/bn_445214
Mobile & Home Phones - Electronics,Home Phones & Accessories - Mobile & Home Phones,3,https://www.ebay.co.uk/b/Home-Phones-Accessories/3286/bn_1636061
Mobile & Home Phones - Electronics,Mobile & Smart Phones - Mobile & Home Phones,3,https://www.ebay.co.uk/b/Mobile-Smartphones/9355/bn_450671
Mobile & Home Phones - Electronics,Mobile Phone & PDA Accessories - Mobile & Home Phones,3,https://www.ebay.co.uk/b/Mobile-Phone-PDA-Accessories/9394/bn_450670
Mobile & Home Phones - Electronics,Mobile Phone Parts - Mobile & Home Phones,3,https://www.ebay.co.uk/b/Mobile-Phone-Parts/43304/bn_176726
Mobile & Home Phones - Electronics,PDAs - Mobile & Home Phones,3,https://www.ebay.co.uk/b/PDAs/38331/bn_1839881
Mobile & Home Phones - Electronics,Phone Cases & Covers - Mobile & Home Phones,3,https://www.ebay.co.uk/b/Mobile-Phone-PDA-Cases-Covers/20349/bn_450754
Mobile & Home Phones - Electronics,Radio Communication Equipment - Mobile & Home Phones,3,https://www.ebay.co.uk/b/Radio-Communication-Equipment/1500/bn_450838
Mobile & Home Phones - Electronics,"Ringtones, Logos & Software - Mobile & Home Phones",3,https://www.ebay.co.uk/b/Mobile-Phone-Ringtones-Logos-Software/80087/bn_1839773
Mobile & Home Phones - Electronics,SIM Cards & Readers - Mobile & Home Phones,3,https://www.ebay.co.uk/b/Mobile-Phone-SIM-Cards-Readers/146492/bn_1629139
Mobile & Home Phones - Electronics,Smart Watch Accessories - Mobile & Home Phones,3,https://www.ebay.co.uk/b/Other-Smart-Watch-Accessories/182069/bn_1841090
Mobile & Home Phones - Electronics,Smart Watches - Mobile & Home Phones,3,https://www.ebay.co.uk/b/Smart-Watches/178893/bn_176694
Mobile & Home Phones - Electronics,Vintage Home Phones - Mobile & Home Phones,3,https://www.ebay.co.uk/b/Other-Phones/42428/bn_1838780
Mobile & Home Phones - Electronics,Vintage Mobile Phones - Mobile & Home Phones,3,https://www.ebay.co.uk/b/Vintage-Mobile-Phones/182073/bn_16571166
Video Games & Consoles - Electronics,Replacement Parts & Tools - Video Games & Consoles,3,https://www.ebay.co.uk/b/Video-Game-Replacement-Parts-Tools/171833/bn_450773
Video Games & Consoles - Electronics,Strategy Guides & Cheats - Video Games & Consoles,3,https://www.ebay.co.uk/b/Video-Game-Strategy-Guides-Cheats/156595/bn_552311
Video Games & Consoles - Electronics,Video Game Accessories - Video Games & Consoles,3,https://www.ebay.co.uk/b/Video-Game-Accessories/54968/bn_1634843
"Musical Instruments - Sports, Hobbies & Leisure",Accessories & Equipment - Musical Instruments,3,https://www.ebay.co.uk/b/General-Music-Accessories-Equipment/180008/bn_1842038
"Musical Instruments - Sports, Hobbies & Leisure",Brass - Musical Instruments,3,https://www.ebay.co.uk/b/Brass-Instruments/16212/bn_1838818
"Musical Instruments - Sports, Hobbies & Leisure",Guitar & Basses - Musical Instruments,3,https://www.ebay.co.uk/b/Guitars-Basses/3858/bn_1842014
"Musical Instruments - Sports, Hobbies & Leisure",Instruction Books & Media - Musical Instruments,3,https://www.ebay.co.uk/b/Instruction-Books-CDs-Video/182150/bn_1840117
"Musical Instruments - Sports, Hobbies & Leisure",Keyboards & Piano - Musical Instruments,3,https://www.ebay.co.uk/b/Keyboards-Pianos/180010/bn_1839730
"Musical Instruments - Sports, Hobbies & Leisure",Other Musical Instruments - Musical Instruments,3,https://www.ebay.co.uk/b/Other-Musical-Instruments/308/bn_1841440
"Musical Instruments - Sports, Hobbies & Leisure",Percussion - Musical Instruments,3,https://www.ebay.co.uk/b/Percussion-Instruments/180012/bn_1841029
"Musical Instruments - Sports, Hobbies & Leisure",Pro Audio Equiptment - Musical Instruments,3,https://www.ebay.co.uk/b/Pro-Audio-Equipment/180014/bn_1841031
"Musical Instruments - Sports, Hobbies & Leisure",Sheet Music & Song Books - Musical Instruments,3,https://www.ebay.co.uk/b/Sheet-Music-Song-Books/180015/bn_1842002
"Musical Instruments - Sports, Hobbies & Leisure",String - Musical Instruments,3,https://www.ebay.co.uk/b/String-Instruments/180016/bn_1842063
"Musical Instruments - Sports, Hobbies & Leisure",Vintage Musical Instruments - Musical Instruments,3,https://www.ebay.co.uk/b/Vintage-Musical-Instruments/181162/bn_7204980
"Musical Instruments - Sports, Hobbies & Leisure",Wind & Woodwind - Musical Instruments,3,https://www.ebay.co.uk/b/Wind-Woodwind-Instruments/10181/bn_1841507
Art - Collectibles & Art,Canvas / Giclee Prints - Art,3,https://www.ebay.co.uk/b/Art-Prints/360/bn_16566819
Art - Collectibles & Art,Contemporary Paintings - Art,3,https://www.ebay.co.uk/b/Art-Paintings/551/bn_7204697
Art - Collectibles & Art,Paintings - Art,3,https://www.ebay.co.uk/b/Art-Paintings/551/bn_7204697
Art - Collectibles & Art,Posters - Art,3,https://www.ebay.co.uk/b/Art-Posters/28009/bn_2316224
Art - Collectibles & Art,Prints - Art,3,https://www.ebay.co.uk/b/Art-Prints/360/bn_16566819
Collectables - Collectibles & Art,Accessories / Storage - Collectables,3,https://www.ebay.co.uk/b/Storage-Accessories-for-Collectables/98795/bn_1841101
Collectables - Collectibles & Art,Advertising - Collectables,3,https://www.ebay.co.uk/b/Collectable-Advertising/34/bn_1839152
Collectables - Collectibles & Art,Animals - Collectables,3,https://www.ebay.co.uk/b/Animal-Collectables/1335/bn_1841742
Collectables - Collectibles & Art,Animation - Collectables,3,https://www.ebay.co.uk/b/Animation-Collectables/13658/bn_1841700
Collectables - Collectibles & Art,Autographs - Collectables,3,https://www.ebay.co.uk/b/Collectable-Autographs/14429/bn_1841747
Collectables - Collectibles & Art,Badges / Patches - Collectables,3,https://www.ebay.co.uk/b/Collectable-Badges-Patches/32615/bn_1841123
Collectables - Collectibles & Art,Bottles & Pots - Collectables,3,https://www.ebay.co.uk/b/Vintage-Bottles-and-Pots/29797/bn_1841450
Collectables - Collectibles & Art,Breweriana - Collectables,3,https://www.ebay.co.uk/b/Breweriana/562/bn_1839448
Collectables - Collectibles & Art,Casino - Collectables,3,https://www.ebay.co.uk/b/Casino-Collectables/898/bn_1839168
Collectables - Collectibles & Art,Cigarette / Tea / Gum Cards - Collectables,3,https://www.ebay.co.uk/b/Collectable-Cigarette-Tea-Gum-Cards/79973/bn_1841050
Collectables - Collectibles & Art,Clocks & Time pieces - Collectables,3,https://www.ebay.co.uk/b/Collectable-Clocks/397/bn_1839930
Collectables - Collectibles & Art,Decorative Ornaments/Plates - Collectables,3,https://www.ebay.co.uk/b/Collectable-Decorative-Ornaments-Plates/13777/bn_1841701
Collectables - Collectibles & Art,Disneyana - Collectables,3,https://www.ebay.co.uk/b/Disneyana/137/bn_1841772
Collectables - Collectibles & Art,Ethnographic - Collectables,3,https://www.ebay.co.uk/b/Ethnographic-Collectables/3913/bn_1838391
Collectables - Collectibles & Art,Fantasy / Myth / Magic - Collectables,3,https://www.ebay.co.uk/b/Fantasy-Myth-Magic-Collectables/10860/bn_1841720
Collectables - Collectibles & Art,Flags - Collectables,3,https://www.ebay.co.uk/b/Collectable-Flags/13881/bn_1839384
Collectables - Collectibles & Art,Household - Collectables,3,https://www.ebay.co.uk/b/Household-Collectables/13905/bn_1838823
Collectables - Collectibles & Art,Jukeboxes - Collectables,3,https://www.ebay.co.uk/b/Retro-Jukebox/13720/bn_1841110
Collectables - Collectibles & Art,Keyrings - Collectables,3,https://www.ebay.co.uk/b/Collectable-Keyrings/3628/bn_1842008
Collectables - Collectibles & Art,Kitchenalia - Collectables,3,https://www.ebay.co.uk/b/Kitchenalia-Collectables/81/bn_1838584
Collectables - Collectibles & Art,Masonic - Collectables,3,https://www.ebay.co.uk/b/Masonic-Collectables/50188/bn_1839038
Collectables - Collectibles & Art,Memorabilia - Collectables,3,https://www.ebay.co.uk/b/Collectable-Memorabilia/13877/bn_1842020
Collectables - Collectibles & Art,Metalware - Collectables,3,https://www.ebay.co.uk/b/Antique-Metalware/1211/bn_1839404
Collectables - Collectibles & Art,Militaria - Collectables,3,https://www.ebay.co.uk/b/Militaria/13956/bn_1842056
Collectables - Collectibles & Art,Moneyboxes / Piggy Banks - Collectables,3,https://www.ebay.co.uk/b/Collectable-Moneyboxes-Piggy-Banks/66503/bn_1841810
Collectables - Collectibles & Art,Paper & Ephemera - Collectables,3,https://www.ebay.co.uk/b/Collectable-Paper-Ephemera/124/bn_1839182
Collectables - Collectibles & Art,Pens & Writing Equipment - Collectables,3,https://www.ebay.co.uk/b/Collectable-Pens-Writing-Equipment/966/bn_1841051
Collectables - Collectibles & Art,Phone Cards - Collectables,3,https://www.ebay.co.uk/b/Vintage-Phone-Cards/60811/bn_1838809
Collectables - Collectibles & Art,Photographic Images - Collectables,3,https://www.ebay.co.uk/b/Collectable-Photographic-Images/14277/bn_1842050
Collectables - Collectibles & Art,Postcards - Collectables,3,https://www.ebay.co.uk/b/Storage-Accessories-for-Collectables/98795/bn_1841101
Collectables - Collectibles & Art,Radio / Television / Telephony - Collectables,3,https://www.ebay.co.uk/b/Radio-Television-Telephony-Collectables/29832/bn_1839563
Collectables - Collectibles & Art,Religion / Spirituality - Collectables,3,https://www.ebay.co.uk/b/Religion-Spirituality-Collectables/1446/bn_1841472
Collectables - Collectibles & Art,Rocks / Fossils / Minerals - Collectables,3,https://www.ebay.co.uk/b/Collectable-Rocks-Fossils-Minerals/3213/bn_1841783
Collectables - Collectibles & Art,Royalty - Collectables,3,https://www.ebay.co.uk/b/Royalty-Collectables/39630/bn_1841125
Collectables - Collectibles & Art,Science Fiction - Collectables,3,https://www.ebay.co.uk/b/Science-Fiction-Collectables/152/bn_1841718
Collectables - Collectibles & Art,Scientific - Collectables,3,https://www.ebay.co.uk/b/Scientific-Collectables/412/bn_1841779
Collectables - Collectibles & Art,Sewing / Fabric / Textiles - Collectables,3,https://www.ebay.co.uk/b/Collectable-Fabric-Textiles/940/bn_2317918
Collectables - Collectibles & Art,Theatre / Opera / Ballet - Collectables,3,https://www.ebay.co.uk/b/Theatre-Opera-Ballet-Collectables/2362/bn_1841096
Collectables - Collectibles & Art,Tobacciana/ Smoking - Collectables,3,https://www.ebay.co.uk/b/Tobacciana-Smoking-Supplies/593/bn_1838390
Collectables - Collectibles & Art,Tools & Hardware - Collectables,3,https://www.ebay.co.uk/b/Vintage-Tools-and-Hardware/13849/bn_1842065
Collectables - Collectibles & Art,Trading Cards/ CCG - Collectables,3,https://www.ebay.co.uk/b/Non-Sport-Trading-Cards-Accessories/182982/bn_1841448
Collectables - Collectibles & Art,Trains & Railway Models - Collectables,3,https://www.ebay.co.uk/b/Model-Railways-Trains/180250/bn_1635521
Collectables - Collectibles & Art,Transportation - Collectables,3,https://www.ebay.co.uk/b/Transportation-Collectables/417/bn_1838654
Collectables - Collectibles & Art,Vanity / Perfume / Grooming - Collectables,3,https://www.ebay.co.uk/b/Vanity-Perfume-Grooming-Collectables/597/bn_1838542
Collectables - Collectibles & Art,Vintage / Retro - Collectables,3,https://www.ebay.co.uk/b/Vintage-Retro-Collectables/69851/bn_1842084
Collectables - Collectibles & Art,Weird Stuff - Collectables,3,https://www.ebay.co.uk/b/Weird-Stuff/1466/bn_1841775
"DVDs, Films & TV - Collectibles & Art","Box Sets - DVDs, Films & TV",3,https://www.ebay.co.uk/b/DVDs-Blu-rays/617/bn_552183
"DVDs, Films & TV - Collectibles & Art","Accessories - DVDs, Films & TV",3,https://www.ebay.co.uk/b/DVD-Film-TV-Storage-Media-Accessories/52554/bn_1839835
"DVDs, Films & TV - Collectibles & Art","DVDs & Blu-rays - DVDs, Films & TV",3,https://www.ebay.co.uk/b/DVDs-Blu-rays/617/bn_552183
"DVDs, Films & TV - Collectibles & Art","Film Stocks - DVDs, Films & TV",3,https://www.ebay.co.uk/b/Film-Stock/63821/bn_552184
"DVDs, Films & TV - Collectibles & Art","LaserDiscs - DVDs, Films & TV",3,https://www.ebay.co.uk/b/LaserDisc-Films/381/bn_552333
"DVDs, Films & TV - Collectibles & Art","Storage & Media Accessories - DVDs, Films & TV",3,https://www.ebay.co.uk/b/DVD-Film-TV-Storage-Media-Accessories/52554/bn_1839835
"DVDs, Films & TV - Collectibles & Art","UMDs - DVDs, Films & TV",3,https://www.ebay.co.uk/b/UMD-Films/132975/bn_198271
"DVDs, Films & TV - Collectibles & Art","VHS Tapes - DVDs, Films & TV",3,https://www.ebay.co.uk/b/VHS-Films/309/bn_198273
Pottery & Glass - Collectibles & Art,Art Glasses - Pottery & Glass,3,https://www.ebay.co.uk/b/Art-Glass/955/bn_2317929
Pottery & Glass - Collectibles & Art,Crystal & Cut Glass - Pottery & Glass,3,https://www.ebay.co.uk/b/Crystal-Cut-Glass/2714/bn_2316190
Pottery & Glass - Collectibles & Art,Date-lined Ceramics - Pottery & Glass,3,https://www.ebay.co.uk/b/Date-Lined-Ceramics/70038/bn_1840122
Pottery & Glass - Collectibles & Art,Glasses - Pottery & Glass,3,https://www.ebay.co.uk/b/Glasses/50693/bn_1839383
Pottery & Glass - Collectibles & Art,Glassware - Pottery & Glass,3,https://www.ebay.co.uk/b/Glassware/13/bn_2315062
Pottery & Glass - Collectibles & Art,Porcelain / China - Pottery & Glass,3,https://www.ebay.co.uk/b/Porcelain-China/24/bn_1841798
Pottery & Glass - Collectibles & Art,Pottery - Pottery & Glass,3,https://www.ebay.co.uk/b/Pottery/27/bn_1838875
Pottery & Glass - Collectibles & Art,Stained Glass - Pottery & Glass,3,https://www.ebay.co.uk/b/Stained-Glass/184436/bn_2314953
Pottery & Glass - Collectibles & Art,Stoneware - Pottery & Glass,3,https://www.ebay.co.uk/b/Stoneware/65026/bn_1838744
Facial Skin Care - Health & Beauty,Anti-Ageing - Facial Skin Care,3,https://www.ebay.co.uk/b/Anti-Ageing-Products/33164/bn_2316387
Facial Skin Care - Health & Beauty,Blotting Paper - Facial Skin Care,3,https://www.ebay.co.uk/b/Skin-Care-Blotting-Paper/75006/bn_2317641
Facial Skin Care - Health & Beauty,Cleansers & Toners - Facial Skin Care,3,https://www.ebay.co.uk/b/Skin-Cleansers-Toners/177765/bn_2315517
Facial Skin Care - Health & Beauty,Cotton Buds - Facial Skin Care,3,https://www.ebay.co.uk/b/Cotton-Buds/182112/bn_16568010
Facial Skin Care - Health & Beauty,Exfoliators & Scrubs - Facial Skin Care,3,https://www.ebay.co.uk/b/Skin-Exfoliators-Scrubs/29582/bn_2316276
Facial Skin Care - Health & Beauty,Eye Treatments & Masks - Facial Skin Care,3,https://www.ebay.co.uk/b/Eye-Treatments-Masks/177764/bn_2315516
Facial Skin Care - Health & Beauty,Home Skin Care Devices - Facial Skin Care,3,https://www.ebay.co.uk/b/Home-Skin-Care-Devices/177767/bn_2315518
Facial Skin Care - Health & Beauty,Kits & Gift Sets - Facial Skin Care,3,https://www.ebay.co.uk/b/Facial-Skin-Care-Kits-Gift-Sets/67500/bn_2317215
Facial Skin Care - Health & Beauty,Lightening Creams - Facial Skin Care,3,https://www.ebay.co.uk/b/Skin-Lightening-Creams/40088/bn_2316584
Facial Skin Care - Health & Beauty,Lip Balm & Treatments - Facial Skin Care,3,https://www.ebay.co.uk/b/Lip-Balm-Treatments/36870/bn_2316499
Facial Skin Care - Health & Beauty,Make-Up Removers - Facial Skin Care,3,https://www.ebay.co.uk/b/Make-Up-Removers/172032/bn_2315431
Facial Skin Care - Health & Beauty,Masks & Peels - Facial Skin Care,3,https://www.ebay.co.uk/b/Skin-Masks-Peels/21022/bn_2316066
Facial Skin Care - Health & Beauty,Microdermabrasion - Facial Skin Care,3,https://www.ebay.co.uk/b/Microdermabrasion-Tools/101925/bn_2314190
Facial Skin Care - Health & Beauty,Moisturisers - Facial Skin Care,3,https://www.ebay.co.uk/b/Facial-Moisturisers/21205/bn_2316070
Facial Skin Care - Health & Beauty,Night Treatments - Facial Skin Care,3,https://www.ebay.co.uk/b/Skin-Care-Night-Treatments/101926/bn_2314191
Facial Skin Care - Health & Beauty,Travel & Sample Sizes - Facial Skin Care,3,https://www.ebay.co.uk/b/Other-Facial-Skin-Care-Products/11862/bn_2317543
More Health & Beauty,Health Care - More Health & Beauty,3,https://www.ebay.co.uk/b/Healthcare-Products/67588/bn_1838772
More Health & Beauty,Massage - More Health & Beauty,3,https://www.ebay.co.uk/b/Massage-Supplies-Equipment/36447/bn_1841115
More Health & Beauty,"Nail Care, Manicure & Pedicure - More Health & Beauty",3,https://www.ebay.co.uk/b/Manicure-Pedicure-Supplies/47945/bn_552182
More Health & Beauty,Natural & Alternative Remedies - More Health & Beauty,3,https://www.ebay.co.uk/b/Natural-Alternative-Remedies/67659/bn_1839770
More Health & Beauty,Oral Care - More Health & Beauty,3,https://www.ebay.co.uk/b/Oral-Dental-Care-Products/31769/bn_776932
More Health & Beauty,Salon & Spa - More Health & Beauty,3,https://www.ebay.co.uk/b/Salon-Spa-Equipment/177731/bn_198272
More Health & Beauty,Sun Care & Tanning - More Health & Beauty,3,https://www.ebay.co.uk/b/Sun-Care-Tanning-Products/31772/bn_1839164
More Health & Beauty,Tattoos & Body Art - More Health & Beauty,3,https://www.ebay.co.uk/b/Tattoos-Body-Art-Supplies-Equipment/33914/bn_1676501
More Health & Beauty,Vision Care - More Health & Beauty,3,https://www.ebay.co.uk/b/Vision-Care-Products/31414/bn_1838397
More Health & Beauty,Vitamins & Supplements - More Health & Beauty,3,https://www.ebay.co.uk/b/Vitamins-Minerals-Health-Supplements/11776/bn_2314540
Shaving & Hair Removal - Health & Beauty,Aftershave & Pre-Shave - Shaving & Hair Removal,3,https://www.ebay.co.uk/b/Aftershave-Pre-Shave/47920/bn_552334
Shaving & Hair Removal - Health & Beauty,Clippers and Trimmers - Shaving & Hair Removal,3,https://www.ebay.co.uk/b/Hair-Clippers-Trimmers/67408/bn_552340
Shaving & Hair Removal - Health & Beauty,"Creams, Foams and Gels - Shaving & Hair Removal",3,https://www.ebay.co.uk/b/Shaving-Creams-Foams-Gels/31763/bn_552328
Shaving & Hair Removal - Health & Beauty,Electric Shavers - Shaving & Hair Removal,3,https://www.ebay.co.uk/b/Electric-Shavers/180512/bn_1676366
Shaving & Hair Removal - Health & Beauty,Epilators & Electrolysis - Shaving & Hair Removal,3,https://www.ebay.co.uk/b/Epilators-Electrolysis/37802/bn_552332
Shaving & Hair Removal - Health & Beauty,Hair Clipper & Trimmer Parts - Shaving & Hair Removal,3,https://www.ebay.co.uk/b/Hair-Clipper-Trimmer-Parts/159789/bn_16568688
Shaving & Hair Removal - Health & Beauty,Hair Removal Creams & Sprays - Shaving & Hair Removal,3,https://www.ebay.co.uk/b/Hair-Removal-Creams-Sprays/47925/bn_552336
Shaving & Hair Removal - Health & Beauty,Laser Hair Removal and IPL - Shaving & Hair Removal,3,https://www.ebay.co.uk/b/Laser-Hair-Removal-IPL/159795/bn_552315
Shaving & Hair Removal - Health & Beauty,Razors and Razor Blades - Shaving & Hair Removal,3,https://www.ebay.co.uk/b/Razors-Razor-Blades/179841/bn_552177
Shaving & Hair Removal - Health & Beauty,Shaving & Grooming Kits - Shaving & Hair Removal,3,https://www.ebay.co.uk/b/Shaving-Grooming-Kits/106315/bn_550243
Shaving & Hair Removal - Health & Beauty,Shaving Brushes & Mugs - Shaving & Hair Removal,3,https://www.ebay.co.uk/b/Shaving-Brushes-Mugs/168191/bn_552156
Shaving & Hair Removal - Health & Beauty,Straight Razors - Shaving & Hair Removal,3,https://www.ebay.co.uk/b/Straight-Razors/159756/bn_552155
Shaving & Hair Removal - Health & Beauty,Tweezers - Shaving & Hair Removal,3,https://www.ebay.co.uk/b/Tweezers/67416/bn_552341
Shaving & Hair Removal - Health & Beauty,Waxing Supplies - Shaving & Hair Removal,3,https://www.ebay.co.uk/b/Waxing-Supplies-for-Hair-Removal/82565/bn_552344
Motorcycle Parts & Accessories - Motors,"Vehicle Clothing, Helmets & Protection - Motorcycle Parts & Accessories",3,https://www.ebay.co.uk/b/Vehicle-Clothing-Helmets-Protection/177074/bn_1841743
Vehicle Parts & Accessories - Motors,Car Exterior & Body Parts - Vehicle Parts & Accessories,3,https://www.ebay.co.uk/sch/14768/i.html?_fsrp=1
Vehicle Parts & Accessories - Motors,Car Interior Parts & Furnishings - Vehicle Parts & Accessories,3,https://www.ebay.co.uk/sch/23022/i.html?_fsrp=1
Vehicle Parts & Accessories - Motors,Car Parts - Vehicle Parts & Accessories,3,http://www.ebay.co.uk/rpp/car-parts
Jewellery & Watches - Fashion,Loose Beads - Jewellery & Watches,4,https://www.ebay.co.uk/b/Loose-Beads/179264/bn_1630869
Appliances - Home & Garden,"Coffee, Tea & Espresso Making - Appliances",4,https://www.ebay.co.uk/b/Coffee-Tea-Espresso-Making-Parts-Accessories/38250/bn_2316552
Appliances - Home & Garden,"Cookers, Ovens & Hobs - Appliances",4,https://www.ebay.co.uk/b/Cookers-Ovens-Hobs/43563/bn_2316718
Appliances - Home & Garden,Cooking & Steaming - Appliances,4,https://www.ebay.co.uk/b/Food-Cookers-Steamers/20672/bn_3209677
Appliances - Home & Garden,Dishwashers - Appliances,4,https://www.ebay.co.uk/b/Dishwashers/116023/bn_2314444
Appliances - Home & Garden,Food Processers - Appliances,4,https://www.ebay.co.uk/b/Food-Processors/20673/bn_3255867
Appliances - Home & Garden,Ice Cream Makers - Appliances,4,https://www.ebay.co.uk/b/Ice-Cream-Makers/20676/bn_3253165
Appliances - Home & Garden,Ironing & Vacuuming - Appliances,4,https://www.ebay.co.uk/b/Ironing-Vacuuming-Equipment-Parts-Accessories/45733/bn_2316757
Appliances - Home & Garden,Juicers & Presses - Appliances,4,https://www.ebay.co.uk/b/Juicers-Presses/20677/bn_3267520
Appliances - Home & Garden,Microwaves - Appliances,4,https://www.ebay.co.uk/b/Microwaves/150140/bn_3352771
Appliances - Home & Garden,Small Kitchen Appliances - Appliances,4,https://www.ebay.co.uk/b/Small-Kitchen-Appliances/20667/bn_2316029
Appliances - Home & Garden,Stand Mixers - Appliances,4,https://www.ebay.co.uk/b/Stand-Mixers/133701/bn_3183419
Appliances - Home & Garden,Toasters - Appliances,4,https://www.ebay.co.uk/b/Toasters/77285/bn_3274769
Appliances - Home & Garden,Water Filters - Appliances,4,https://www.ebay.co.uk/b/Water-Filters/20684/bn_3243584
Bath - Home & Garden,Bath Mats - Bath,4,https://www.ebay.co.uk/b/Bath-Mats/133696/bn_821851
Bath - Home & Garden,Mirrors - Bath,4,https://www.ebay.co.uk/b/Bathroom-Mirrors/133693/bn_821819
Bath - Home & Garden,Non-Slip Mats & Stickers - Bath,4,https://www.ebay.co.uk/b/Non-Slip-Bath-Mats-Stickers/66722/bn_821822
Bath - Home & Garden,Shower Curtain Hooks - Bath,4,https://www.ebay.co.uk/b/Shower-Curtain-Hooks/32874/bn_821962
Bath - Home & Garden,Shower Curtain Rails - Bath,4,https://www.ebay.co.uk/b/Shower-Curtain-Rails/168132/bn_1629636
Bath - Home & Garden,Shower Curtains - Bath,4,https://www.ebay.co.uk/b/Shower-Curtains/20441/bn_821853
Bath - Home & Garden,Shower Enclosure & Unit Sets - Bath,4,https://www.ebay.co.uk/b/Shower-Enclosure-Unit-Sets/147151/bn_1632817
Bath - Home & Garden,Soap Dishes & Dispensers - Bath,4,https://www.ebay.co.uk/b/Bathroom-Soap-Dishes-Dispensers/25451/bn_821821
Bath - Home & Garden,Taps - Bath,4,https://www.ebay.co.uk/b/Bathroom-Taps/42347/bn_1636179
Bath - Home & Garden,Toilet Brushes & Holders - Bath,4,https://www.ebay.co.uk/b/Toilet-Brushes-Holders/66723/bn_822080
Bath - Home & Garden,Toilet Roll Holers - Bath,4,https://www.ebay.co.uk/b/Toilet-Roll-Holders/32876/bn_1633241
Bath - Home & Garden,Toilet Seats - Bath,4,https://www.ebay.co.uk/b/Toilet-Seats/37637/bn_1623558
Bath - Home & Garden,Toilets & Bidets - Bath,4,https://www.ebay.co.uk/b/Toilets-Bidets/122755/bn_1630463
Bath - Home & Garden,Toothbrush Holders - Bath,4,https://www.ebay.co.uk/b/Toothbrush-Holders/25453/bn_822078
Bath - Home & Garden,Towel Rails - Bath,4,https://www.ebay.co.uk/b/Towel-Rails/20442/bn_1629905
Bath - Home & Garden,Towels - Bath,4,https://www.ebay.co.uk/b/Bath-Towels/40587/bn_822079
Celebrations & Occasions - Home & Garden,Cards & Stationery - Celebrations & Occasions,4,https://www.ebay.co.uk/b/Cards-Stationery-for-Celebrations-Occasions/170098/bn_818581
Celebrations & Occasions - Home & Garden,Memorials & Funerals - Celebrations & Occasions,4,https://www.ebay.co.uk/b/Memorials-Funerals/88739/bn_818604
Celebrations & Occasions - Home & Garden,Other Celebration & Occasions - Celebrations & Occasions,4,https://www.ebay.co.uk/b/Other-Celebrations-Occasions/170115/bn_1635095
Crafts - Home & Garden,Beads - Crafts,4,https://www.ebay.co.uk/b/Craft-Beads/146290/bn_1839679
Crafts - Home & Garden,Cake Decorating - Crafts,4,https://www.ebay.co.uk/b/Other-Cake-Decorations-Cake-Toppers/183350/bn_1842047
Crafts - Home & Garden,Candle & Soap Making - Crafts,4,https://www.ebay.co.uk/b/Candle-Soap-Making/3089/bn_1839101
Crafts - Home & Garden,Ceramic & Pottery Making - Crafts,4,https://www.ebay.co.uk/b/Other-Sculpting-Moulding-Ceramics-Craft-Supplies/183319/bn_1839879
Crafts - Home & Garden,Children's Crafts - Crafts,4,https://www.ebay.co.uk/b/Childrens-Crafts/28145/bn_1839324
Crafts - Home & Garden,Cross Stitch - Crafts,4,https://www.ebay.co.uk/b/Embroidery-Cross-Stitch-Supplies/28141/bn_1841447
Crafts - Home & Garden,Embroidery - Crafts,4,https://www.ebay.co.uk/b/Tapestry-and-Needlepoint/28141/bn_1841447
Crafts - Home & Garden,Fabric - Crafts,4,https://www.ebay.co.uk/b/Fabrics/28162/bn_1841085
Crafts - Home & Garden,Floral Supplies - Crafts,4,https://www.ebay.co.uk/b/Floral-Craft-Supplies/3097/bn_1839729
Crafts - Home & Garden,Framing / Matting - Crafts,4,https://www.ebay.co.uk/b/Craft-Framing-Matting/11786/bn_1841699
Crafts - Home & Garden,Glass Art Supplies - Crafts,4,https://www.ebay.co.uk/b/Glass-Art-Supplies/3099/bn_1838680
Crafts - Home & Garden,Hand-Crafted Items - Crafts,4,https://www.ebay.co.uk/b/Hand-Crafted-Items/57738/bn_1838618
Crafts - Home & Garden,Jewellery Making - Crafts,4,https://www.ebay.co.uk/b/Other-Beads-Jewellery-Making-Supplies/31726/bn_1839783
Crafts - Home & Garden,Lacemaking - Crafts,4,https://www.ebay.co.uk/b/Other-Tatting-Lacemaking-Supplies/134590/bn_1839681
Crafts - Home & Garden,Latch-Hook / Rug-Making - Crafts,4,https://www.ebay.co.uk/b/Other-Latch-Hooking-Supplies/28150/bn_1838177
Crafts - Home & Garden,Leathercraft - Crafts,4,https://www.ebay.co.uk/b/Other-Leathercraft-Accessories/160670/bn_1838179
Crafts - Home & Garden,Mosaic - Crafts,4,https://www.ebay.co.uk/b/Mosaic-Supplies/11787/bn_1838169
Crafts - Home & Garden,"Painting, Drawing & Art - Crafts",4,https://www.ebay.co.uk/b/Art-Supplies/11783/bn_1838891
Crafts - Home & Garden,Paper Crafts / Origami - Crafts,4,https://www.ebay.co.uk/b/Other-Paper-Craft-Supplies/183243/bn_1842009
Crafts - Home & Garden,Quilting - Crafts,4,https://www.ebay.co.uk/b/Quilting-Tools-Supplies/180930/bn_7204970
Crafts - Home & Garden,Rubber Stamping - Crafts,4,https://www.ebay.co.uk/b/Rubber-Stamps/3122/bn_1839150
Crafts - Home & Garden,Tapestry & Needlepoint - Crafts,4,https://www.ebay.co.uk/b/Embroidery-Cross-Stitch-Supplies/28141/bn_1841447
Crafts - Home & Garden,Woodworking - Crafts,4,https://www.ebay.co.uk/b/Other-Craft-Woodworking-Supplies/183161/bn_1842003
DIY & Home Improvement - Home & Garden,Electrical Fittings - DIY & Home Improvement,4,https://www.ebay.co.uk/b/DIY-Electrical-Fittings/57215/bn_2316971
Furniture & Homeware - Home & Garden,Lighting - Furniture & Homeware,4,https://www.ebay.co.uk/b/Home-Lighting/20697/bn_818588
Furniture & Homeware - Home & Garden,Mirrors - Furniture & Homeware,4,https://www.ebay.co.uk/b/Decorative-Mirrors/20580/bn_2316015
Garden - Home & Garden,Plants / Seeds / Bulbs - Garden,4,https://www.ebay.co.uk/b/Plants-Seeds-Bulbs/181003/bn_7204995
Garden - Home & Garden,Pots/Window Boxes/Baskets - Garden,4,https://www.ebay.co.uk/b/Flower-Plant-Pots-Baskets-Window-Boxes/20518/bn_7204930
More in Home & Garden,Fireplaces & Accessories - More in Home & Garden,4,https://www.ebay.co.uk/b/Fireplaces-Accessories/38219/bn_1841713
More in Home & Garden,"Heating, Cooling & Air - More in Home & Garden",4,https://www.ebay.co.uk/b/Heating-Cooling-Air/41986/bn_1839695
More in Home & Garden,Kitchen Plumbing & Fittings - More in Home & Garden,4,https://www.ebay.co.uk/b/Kitchen-Plumbing-Fittings/177073/bn_1842006
More in Home & Garden,Lighting - More in Home & Garden,4,https://www.ebay.co.uk/b/Home-Lighting/20697/bn_818588
"Computers, Tablets & Networks - Electronics","Monitors, Projectors & Accessories - Computers, Tablets & Networks",4,https://www.ebay.co.uk/b/Computer-Monitors-Projectors-Accessories/162497/bn_1632150
"Computers, Tablets & Networks - Electronics","Other Computers & Networking - Computers, Tablets & Networks",4,https://www.ebay.co.uk/b/Other-Computers-Tablets-Networking/162/bn_1841725
"Computers, Tablets & Networks - Electronics","Power Protection & Distribution - Computers, Tablets & Networks",4,https://www.ebay.co.uk/b/Computer-Power-Protection-Distribution/86722/bn_1630871
"Computers, Tablets & Networks - Electronics","Printers, Scanners & Supplies - Computers, Tablets & Networks",4,https://www.ebay.co.uk/b/Computer-Printers-Scanners-Supplies/171961/bn_450772
"Everything else - Sports, Hobbies & Leisure","DVDS, Films & TV - Everything else",4,https://www.ebay.co.uk/b/DVDs-Films-TV-Wholesale-Job-Lots/31606/bn_1841068
"Everything else - Sports, Hobbies & Leisure",Mixed Lots - Everything else,4,https://www.ebay.co.uk/b/Mixed-Wholesale-Job-Lots/48461/bn_1841482
"Everything else - Sports, Hobbies & Leisure",Musical Instruments - Everything else,4,https://www.ebay.co.uk/b/Musical-Instruments-Wholesale-Job-Lots/52555/bn_1840065
"Everything else - Sports, Hobbies & Leisure",Sporting Goods - Everything else,4,https://www.ebay.co.uk/b/Sporting-Goods-Wholesale-Job-Lots/26423/bn_1838802
"Everything else - Sports, Hobbies & Leisure",Tickets & Travel - Everything else,4,https://www.ebay.co.uk/b/Tickets-Travel-Wholesale-Job-Lots/90951/bn_1839167
"Everything else - Sports, Hobbies & Leisure",Wholesale Job Lots - Everything else,4,https://www.ebay.co.uk/b/Other-Wholesale-Job-Lots/56384/bn_1839724
"Sporting Goods - Sports, Hobbies & Leisure",Windsurfing - Sporting Goods,4,https://www.ebay.co.uk/b/Windsurfing/117165/bn_1838488
Art - Collectibles & Art,Drawings - Art,4,https://www.ebay.co.uk/b/Art-Drawings/552/bn_2316942
Art - Collectibles & Art,Folk Art - Art,4,https://www.ebay.co.uk/b/Folk-Art/357/bn_1841712
Art - Collectibles & Art,Mixed Media - Art,4,https://www.ebay.co.uk/b/Mixed-Media-Arts/554/bn_1839626
Art - Collectibles & Art,New Media - Art,4,https://www.ebay.co.uk/b/Other-Art/20158/bn_2314575
Art - Collectibles & Art,Other Art - Art,4,https://www.ebay.co.uk/b/Other-Art-Direct-from-the-Artist/20158/bn_2314575
"Medical, Mobility & Disability - Health & Beauty","Daily Living Aids - Medical, Mobility & Disability",4,https://www.ebay.co.uk/b/Daily-Living-Aids/182118/bn_16568063
"Medical, Mobility & Disability - Health & Beauty","Hearing Assistance - Medical, Mobility & Disability",4,https://www.ebay.co.uk/b/Hearing-Assistance-Supplies/37821/bn_780228
"Medical, Mobility & Disability - Health & Beauty","Incontinence Aids - Medical, Mobility & Disability",4,https://www.ebay.co.uk/b/Incontinence-Aids/36440/bn_773645
"Medical, Mobility & Disability - Health & Beauty","Inhalers & Nebulisers - Medical, Mobility & Disability",4,https://www.ebay.co.uk/b/Inhalers-Nebulisers/155667/bn_7204529
"Medical, Mobility & Disability - Health & Beauty","Mobility Furniture & Fixtures - Medical, Mobility & Disability",4,https://www.ebay.co.uk/b/Mobility-Furniture-Fixtures/182113/bn_16569261
"Medical, Mobility & Disability - Health & Beauty","Mobility/Walking Equipment - Medical, Mobility & Disability",4,https://www.ebay.co.uk/b/Mobility-Walking-Equipment/28175/bn_2605112
"Medical, Mobility & Disability - Health & Beauty","Monitoring & Testing - Medical, Mobility & Disability",4,https://www.ebay.co.uk/b/Medical-Monitoring-Testing-Kits/30115/bn_16569138
"Medical, Mobility & Disability - Health & Beauty","Orthopaedics & Supports - Medical, Mobility & Disability",4,https://www.ebay.co.uk/b/Orthopaedic-Products-Supports/182132/bn_16569366
"Medical, Mobility & Disability - Health & Beauty","Other Mobilit - Medical, Mobility & Disability",4,https://www.ebay.co.uk/b/Other-Mobility-Disability-Medical-Equipment/3193/bn_1633829
"Medical, Mobility & Disability - Health & Beauty","Pill Holders and Boxes - Medical, Mobility & Disability",4,https://www.ebay.co.uk/b/Pill-Boxes-Pill-Cases/75041/bn_1676503
Motorcycle Parts & Accessories - Motors,Motorcycle Accessories - Motorcycle Parts & Accessories,4,https://www.ebay.co.uk/b/Motorcycle-Accessories/25622/bn_1839254
Motorcycle Parts & Accessories - Motors,Motorcycle Parts - Motorcycle Parts & Accessories,4,https://www.ebay.co.uk/b/Motorcycle-Parts/10063/bn_1838394
Motorcycle Parts & Accessories - Motors,Motorcycle Wheels & Tyres - Motorcycle Parts & Accessories,4,https://www.ebay.co.uk/b/Motorcycle-Wheels-Tyres/180035/bn_1838655
Motorcycle Parts & Accessories - Motors,Other Scooter Parts - Motorcycle Parts & Accessories,4,https://www.ebay.co.uk/b/Other-Scooter-Parts/25640/bn_2314859
Motorcycle Parts & Accessories - Motors,"Quad, ATV & Trike Parts - Motorcycle Parts & Accessories",4,https://www.ebay.co.uk/b/Quad-ATV-Trike-Parts/36628/bn_1841476
Motorcycle Parts & Accessories - Motors,Trials & Motocross Bike Parts - Motorcycle Parts & Accessories,4,https://www.ebay.co.uk/b/Trials-Motocross-Bike-Parts/122304/bn_1838665
Bath - Home & Garden,Bath Accessories - Bath,5,https://www.ebay.co.uk/b/Bath-Accessory-Sets/176990/bn_822077
Bath - Home & Garden,Bath Pillows - Bath,5,https://www.ebay.co.uk/b/Bath-Pillows/66721/bn_1632232
Bath - Home & Garden,Bath Screens - Bath,5,https://www.ebay.co.uk/b/Bath-Screens/147155/bn_1632983
Bath - Home & Garden,Tile Decals - Bath,5,https://www.ebay.co.uk/b/Bathroom-Tile-Decals/77488/bn_1632081
Bath - Home & Garden,Tiles - Bath,5,https://www.ebay.co.uk/b/Floor-Wall-Tiles/45800/bn_9388715
Crafts - Home & Garden,Cardmaking & Scrapbooking - Crafts,5,https://www.ebay.co.uk/b/Scrapbooking-Paper-Craft-Supplies/11788/bn_1839435
Crafts - Home & Garden,Craft Sewing & Fabric - Crafts,5,https://www.ebay.co.uk/b/Sewing-Tools-Supplies/160737/bn_1842079
Crafts - Home & Garden,Crochet & Knitting - Crafts,5,https://www.ebay.co.uk/b/Crocheting-Knitting/3094/bn_1839237
DIY & Home Improvement - Home & Garden,Adhesive & Glue - DIY & Home Improvement,5,https://www.ebay.co.uk/b/DIY-Adhesives-Glue/131625/bn_2315074
DIY & Home Improvement - Home & Garden,Bricks & Stone - DIY & Home Improvement,5,https://www.ebay.co.uk/b/Bricks-Stone-in-DIY/112569/bn_2314385
DIY & Home Improvement - Home & Garden,Building Plans & Blueprints - DIY & Home Improvement,5,https://www.ebay.co.uk/b/Building-Plans-Blueprints/42130/bn_7204753
DIY & Home Improvement - Home & Garden,Cabinets & Cabinet Hardware - DIY & Home Improvement,5,https://www.ebay.co.uk/b/Cabinets-Cabinet-Hardware/41971/bn_7204943
DIY & Home Improvement - Home & Garden,Cabinets / Cupboards - DIY & Home Improvement,5,https://www.ebay.co.uk/b/Cabinets-Cupboards/20487/bn_1632732
DIY & Home Improvement - Home & Garden,Door & Door Accessories - DIY & Home Improvement,5,https://www.ebay.co.uk/b/DIY-Doors-Door-Accessories/41976/bn_2316649
DIY & Home Improvement - Home & Garden,Flooring & Tiles - DIY & Home Improvement,5,https://www.ebay.co.uk/b/Flooring-Tiles-in-DIY/180983/bn_7204891
DIY & Home Improvement - Home & Garden,Garage Doors & Openers - DIY & Home Improvement,5,https://www.ebay.co.uk/b/Garage-Doors-Openers/180972/bn_7204464
DIY & Home Improvement - Home & Garden,Ladders - DIY & Home Improvement,5,https://www.ebay.co.uk/b/Ladders/112567/bn_2314383
DIY & Home Improvement - Home & Garden,"Nails, Fixings & Washers - DIY & Home Improvement",5,https://www.ebay.co.uk/b/Other-Industrial-Fasteners-Hardware/42905/bn_2316692
DIY & Home Improvement - Home & Garden,Paint & Varnish - DIY & Home Improvement,5,https://www.ebay.co.uk/b/DIY-Paint-Varnishes/180979/bn_7204538
Furniture & Homeware - Home & Garden,Benches - Furniture & Homeware,5,https://www.ebay.co.uk/b/Benches/103431/bn_1633476
Furniture & Homeware - Home & Garden,Bookcases & Shelving - Furniture & Homeware,5,https://www.ebay.co.uk/b/Bookcases-Shelving-Storage/3199/bn_1632420
Furniture & Homeware - Home & Garden,Cabinets & Cupboards - Furniture & Homeware,5,https://www.ebay.co.uk/b/Cabinets-Cupboards/20487/bn_1632732
Furniture & Homeware - Home & Garden,Chairs - Furniture & Homeware,5,https://www.ebay.co.uk/b/Chairs/54235/bn_1623869
Furniture & Homeware - Home & Garden,Chest of Drawers - Furniture & Homeware,5,https://www.ebay.co.uk/b/Chests-of-Drawers/114397/bn_1631595
Furniture & Homeware - Home & Garden,Desks & Computer Furniture - Furniture & Homeware,5,https://www.ebay.co.uk/b/Desks-and-Computer-Furniture/88057/bn_1633355
Furniture & Homeware - Home & Garden,Dressing Tables - Furniture & Homeware,5,https://www.ebay.co.uk/b/Dressing-Tables/32878/bn_1632191
Furniture & Homeware - Home & Garden,Kitchen Islands & Carts - Furniture & Homeware,5,https://www.ebay.co.uk/b/Kitchen-Islands-Kitchen-Carts/115753/bn_1636141
Furniture & Homeware - Home & Garden,Other Furniture - Furniture & Homeware,5,https://www.ebay.co.uk/b/Other-Furniture/175752/bn_1630235
Furniture & Homeware - Home & Garden,Ottomans & Footstools - Furniture & Homeware,5,https://www.ebay.co.uk/b/Ottomans-Footstools/20490/bn_1632082
Furniture & Homeware - Home & Garden,"Sideboards, Buffets & Trolleys - Furniture & Homeware",5,https://www.ebay.co.uk/b/Sideboards-Buffets/183322/bn_1528345
Furniture & Homeware - Home & Garden,"Sofas, Armchairs & Suites - Furniture & Homeware",5,https://www.ebay.co.uk/b/Sofas-Armchairs-Suites/38208/bn_1633911
Furniture & Homeware - Home & Garden,Table & Chair Sets - Furniture & Homeware,5,https://www.ebay.co.uk/b/Table-Chair-Sets/107578/bn_1633107
Furniture & Homeware - Home & Garden,Tables - Furniture & Homeware,5,http://www.ebay.co.uk/rpp/kitchen-dining
Furniture & Homeware - Home & Garden,Wardrobes - Furniture & Homeware,5,https://www.ebay.co.uk/b/Wardrobes/103430/bn_1633588
Garden - Home & Garden,Barbecue & Outdoor Heating - Garden,5,https://www.ebay.co.uk/b/Barbecuing-Outdoor-Heating-Equipment/149242/bn_1842052
Garden - Home & Garden,Fencing - Garden,5,https://www.ebay.co.uk/b/Garden-Patio-Fencing-Supplies/177032/bn_1841733
Garden - Home & Garden,Fertiliser / Soil Improvement - Garden,5,https://www.ebay.co.uk/b/Other-Plant-Care-Supplies-Accessories/25876/bn_7204914
Garden - Home & Garden,Garden & Patio Furniture - Garden,5,https://www.ebay.co.uk/b/Garden-Patio-Furniture/25863/bn_1838227
Garden - Home & Garden,Garden Clothing & Gear - Garden,5,https://www.ebay.co.uk/b/Garden-Clothing-Protective-Equipment/159473/bn_7204988
Garden - Home & Garden,Garden Lighting - Garden,5,https://www.ebay.co.uk/b/Garden-Lighting/42154/bn_1841468
Garden - Home & Garden,Lawnmowers - Garden,5,https://www.ebay.co.uk/b/Lawn-Mowers-Parts-Accessories/43560/bn_1841782
Garden - Home & Garden,Paving & Decking - Garden,5,https://www.ebay.co.uk/b/Paving-Decking-Supplies/118858/bn_7204785
Garden - Home & Garden,Watering Equipment - Garden,5,https://www.ebay.co.uk/b/Garden-Watering-Equipment/29521/bn_2316268
Garden - Home & Garden,Weed/Pest Control - Garden,5,https://www.ebay.co.uk/b/Weed-Pest-Control-Supplies/181034/bn_7204497
Kitchen & Dining - Home & Garden,Table and Chair Sets - Kitchen & Dining,5,https://www.ebay.co.uk/b/Table-Chair-Sets/107578/bn_1633107
More in Home & Garden,Conservatories - More in Home & Garden,5,https://www.ebay.co.uk/b/Home-Conservatories/109072/bn_1841487
"Computers, Tablets & Networks - Electronics","Enterprise Networking & Servers - Computers, Tablets & Networks",5,https://www.ebay.co.uk/b/Enterprise-Networking-Servers/175698/bn_1264554
"Computers, Tablets & Networks - Electronics","Software - Computers, Tablets & Networks",5,https://www.ebay.co.uk/b/Computer-Software/18793/bn_776098
Antiques - Collectibles & Art,Antique Clocks - Antiques,5,https://www.ebay.co.uk/b/Antique-Clocks/13851/bn_1841106
Antiques - Collectibles & Art,Antique Furniture - Antiques,5,https://www.ebay.co.uk/b/Antique-Furniture/20091/bn_1841457
Antiques - Collectibles & Art,Antiquities - Antiques,5,https://www.ebay.co.uk/b/Antiquities/37903/bn_1839039
Antiques - Collectibles & Art,Architectual Antiques - Antiques,5,https://www.ebay.co.uk/b/Architectural-Antiques/4707/bn_1839433
Antiques - Collectibles & Art,Asian Antiques - Antiques,5,https://www.ebay.co.uk/b/Asian-Antiques/20082/bn_1839661
Antiques - Collectibles & Art,Carpets & Rugs - Antiques,5,https://www.ebay.co.uk/b/Antique-Carpets-Rugs/37978/bn_1841478
Antiques - Collectibles & Art,Decroative Arts - Antiques,5,https://www.ebay.co.uk/b/Antique-Decorative-Arts/1208/bn_1841489
Antiques - Collectibles & Art,Ethnographic Antiques - Antiques,5,https://www.ebay.co.uk/b/Ethnographic-Antiques/2207/bn_1841753
Antiques - Collectibles & Art,Fabrics & Textiles - Antiques,5,https://www.ebay.co.uk/b/Antique-Fabrics-Textiles/181677/bn_1841082
Antiques - Collectibles & Art,Incunabula - Antiques,5,https://www.ebay.co.uk/b/Incunabula/22422/bn_16568780
Antiques - Collectibles & Art,Manuscripts - Antiques,5,https://www.ebay.co.uk/b/Antique-Manuscripts/23048/bn_1841493
Antiques - Collectibles & Art,Maps - Antiques,5,https://www.ebay.co.uk/b/Antique-Maps/37958/bn_1838635
Antiques - Collectibles & Art,Marine & Maritime - Antiques,5,https://www.ebay.co.uk/b/Marine-Maritime-Antiques/66638/bn_1841495
Antiques - Collectibles & Art,Metalware - Antiques,5,https://www.ebay.co.uk/b/Antique-Metalware/1211/bn_1839404
Antiques - Collectibles & Art,Musical Instruments - Antiques,5,https://www.ebay.co.uk/b/Antique-Musical-Instruments/181726/bn_16566885
Antiques - Collectibles & Art,Other Antiques - Antiques,5,https://www.ebay.co.uk/b/Other-Antiques/12/bn_1838973
Antiques - Collectibles & Art,Period Style - Antiques,5,https://www.ebay.co.uk/b/Period-Style-Antiques/100927/bn_1839891
Antiques - Collectibles & Art,Reproduction Antiques - Antiques,5,https://www.ebay.co.uk/b/Reproduction-Antiques/22608/bn_1839314
Antiques - Collectibles & Art,Science & Medicine - Antiques,5,https://www.ebay.co.uk/b/Science-Medicine-Antiques/20094/bn_1841454
Antiques - Collectibles & Art,Silver - Antiques,5,https://www.ebay.co.uk/b/Antique-Silver/20096/bn_1842023
Antiques - Collectibles & Art,Woodenware - Antiques,5,https://www.ebay.co.uk/b/Antique-Woodenware/37941/bn_1839303
Coins - Collectibles & Art,Ancient Coins - Coins,5,https://www.ebay.co.uk/b/Ancient-Coins/4733/bn_2316815
Coins - Collectibles & Art,Banknotes - Coins,5,https://www.ebay.co.uk/b/Banknotes/58507/bn_1842044
Coins - Collectibles & Art,British Coins - Coins,5,https://www.ebay.co.uk/b/British-Coins/3394/bn_2316392
Coins - Collectibles & Art,Bullion and Bars - Coins,5,https://www.ebay.co.uk/b/Bullions-and-Bars/39482/bn_1629339
Coins - Collectibles & Art,Coins - Coins,5,http://www.ebay.co.uk/rpp/coins
Coins - Collectibles & Art,Exonumia - Coins,5,http://www.ebay.co.uk/rpp/coins
Coins - Collectibles & Art,Historical Medals and Medallions - Coins,5,https://www.ebay.co.uk/b/Historical-Medals-Medallions/72378/bn_1841470
Coins - Collectibles & Art,Share Certificates and Bonds - Coins,5,https://www.ebay.co.uk/b/Share-Certificates-Bonds/72381/bn_1841739
Coins - Collectibles & Art,Tokens - Coins,5,https://www.ebay.co.uk/b/Token-Coins/58534/bn_1840064
Coins - Collectibles & Art,US Coins - Coins,5,https://www.ebay.co.uk/b/US-Coins/253/bn_2316142
Coins - Collectibles & Art,Virtual Currency - Coins,5,https://www.ebay.co.uk/b/Virtual-Currency-Miners-Contracts/179197/bn_1630843
Coins - Collectibles & Art,World Banknotes - Coins,5,https://www.ebay.co.uk/b/World-Banknotes/3411/bn_2316401
Coins - Collectibles & Art,World Coins - Coins,5,https://www.ebay.co.uk/b/World-Coins/256/bn_2316161
Motorcycles & Scooters - Motors,More Motorcyles & Scooters - Motorcycles & Scooters,5,https://www.ebay.co.uk/b/Motorcycles-Scooters/422/bn_1839144
Motorcycles & Scooters - Motors,Motorcross - Motorcycles & Scooters,5,https://www.ebay.co.uk/sch/Motorcycles-Scooters/422/bn_1839144/i.html?_nkw=motorcross+off+road
Motorcycles & Scooters - Motors,Scooter - Motorcycles & Scooters,5,https://www.ebay.co.uk/sch/Motorcycles-Scooters/422/bn_1839144/i.html?_nkw=scooter
Motorcycles & Scooters - Motors,Sports Touring - Motorcycles & Scooters,5,https://www.ebay.co.uk/sch/Motorcycles-Scooters/422/bn_1839144/i.html?_nkw=sports+touring
Motorcycles & Scooters - Motors,Super Sport - Motorcycles & Scooters,5,https://www.ebay.co.uk/sch/Motorcycles-Scooters/422/bn_1839144/i.html?_nkw=super+sport
Motorcycles & Scooters - Motors,Tourer - Motorcycles & Scooters,5,https://www.ebay.co.uk/sch/Motorcycles-Scooters/422/bn_1839144/i.html?_nkw=tourer
Motorcycles & Scooters - Motors,Trike - Motorcycles & Scooters,5,https://www.ebay.co.uk/sch/Motorcycles-Scooters/422/bn_1839144/i.html?_nkw=trike
Vehicle Parts & Accessories - Motors,Car Engines & Engine Parts - Vehicle Parts & Accessories,5,https://www.ebay.co.uk/sch/61300/i.html?_fsrp=1
Vehicle Parts & Accessories - Motors,Car External Lights & Indicators - Vehicle Parts & Accessories,5,https://www.ebay.co.uk/sch/174059/i.html?_fsrp=1
"Business, Office & Industrial - Other Categories","Agriculture / Farming - Business, Office & Industrial",5,https://www.ebay.co.uk/b/Farm-Implements-Equipment/11752/bn_2314535
"Business, Office & Industrial - Other Categories","Automation, Motors & Drives - Business, Office & Industrial",5,https://www.ebay.co.uk/b/Automation-Motors-Drives/42892/bn_16567006
"Business, Office & Industrial - Other Categories","Building Materials & Supplies - Business, Office & Industrial",5,https://www.ebay.co.uk/b/Building-Materials-Supplies/41498/bn_1838781
"Business, Office & Industrial - Other Categories","Businesses For Sale - Business, Office & Industrial",5,https://www.ebay.co.uk/b/Businesses-for-Sale/11759/bn_1841792
"Business, Office & Industrial - Other Categories","Containers & Pre-Fab Buildings - Business, Office & Industrial",5,https://www.ebay.co.uk/b/Containers-Pre-Fabricated-Buildings/148462/bn_1839663
"Business, Office & Industrial - Other Categories","Electrical & Test Equipment - Business, Office & Industrial",5,https://www.ebay.co.uk/b/Electrical-Test-Equipment/92074/bn_1839251
"Business, Office & Industrial - Other Categories","Hand Tools - Business, Office & Industrial",5,https://www.ebay.co.uk/b/Hand-Tools-in-Business-Office-Industrial/46576/bn_1841480
"Business, Office & Industrial - Other Categories","Industrial Supply / MRO - Business, Office & Industrial",5,https://www.ebay.co.uk/b/Other-Material-Handling-Supply/26224/bn_2316178
"Business, Office & Industrial - Other Categories","Industrial Tools - Business, Office & Industrial",5,https://www.ebay.co.uk/b/Industrial-Tools/64808/bn_1838515
"Business, Office & Industrial - Other Categories","Manufacturing & Woodworking - Business, Office & Industrial",5,https://www.ebay.co.uk/b/Manufacturing-Woodworking/147849/bn_1841717
"Business, Office & Industrial - Other Categories","Medical / Lab Equipment - Business, Office & Industrial",5,https://www.ebay.co.uk/b/Medical-Lab-Equipment/11815/bn_1842067
"Business, Office & Industrial - Other Categories","Metalworking / Milling / Welding - Business, Office & Industrial",5,https://www.ebay.co.uk/b/Metalworking-Milling-Welding/11804/bn_1841102
"Business, Office & Industrial - Other Categories","Office Equipment & Supplies - Business, Office & Industrial",5,https://www.ebay.co.uk/b/Office-Equipment-Supplies/25298/bn_1841455
"Business, Office & Industrial - Other Categories","Other Business & Industrial - Business, Office & Industrial",5,https://www.ebay.co.uk/b/Other-Business-Office-Industrial/26261/bn_1841035
"Business, Office & Industrial - Other Categories","Packing & Posting Supplies - Business, Office & Industrial",5,https://www.ebay.co.uk/b/Packing-Posting-Supplies/19273/bn_1842947
"Business, Office & Industrial - Other Categories","Power Tools - Business, Office & Industrial",5,https://www.ebay.co.uk/b/Industrial-Power-Tools/61573/bn_1527893
"Business, Office & Industrial - Other Categories","Printing & Graphic Arts - Business, Office & Industrial",5,https://www.ebay.co.uk/b/Printing-Graphic-Arts/26238/bn_1838586
"Business, Office & Industrial - Other Categories","Restaurant & Catering - Business, Office & Industrial",5,https://www.ebay.co.uk/b/Restaurant-Catering/11874/bn_1841994
"Business, Office & Industrial - Other Categories","Retail & Shop Fitting - Business, Office & Industrial",5,https://www.ebay.co.uk/b/Retail-Shop-Fitting/11890/bn_1839931
"Business, Office & Industrial - Other Categories","Show Supplies - Business, Office & Industrial",5,https://www.ebay.co.uk/b/Trade-Show-Displays-Stands/1304/bn_2315064
"Business, Office & Industrial - Other Categories","Stationery & School Equipment - Business, Office & Industrial",5,https://www.ebay.co.uk/b/Stationery-School-Equipment/16092/bn_1839562
"Business, Office & Industrial - Other Categories","Telephone & Answering Systems - Business, Office & Industrial",5,https://www.ebay.co.uk/b/Business-Telephone-Answering-Systems/34165/bn_1842942
"Business, Office & Industrial - Other Categories","Video Broadcasting & Recording - Business, Office & Industrial",5,https://www.ebay.co.uk/b/Business-Video-Broadcasting-Recording/3319/bn_176722
"Business, Office & Industrial - Other Categories","Web Domains/ Email/ Software - Business, Office & Industrial",5,https://www.ebay.co.uk/b/Business-Web-Domains-Email-Software/192/bn_1841492
Media - Other Categories,"Books, Comics & Magazines - Media",5,http://www.ebay.co.uk/rpp/books-comics-magazines
Media - Other Categories,Music - Media,5,http://www.ebay.co.uk/rpp/music
Appliances - Home & Garden,Dishwasher Parts & Accessories - Appliances,6,https://www.ebay.co.uk/b/Dishwasher-Parts-Accessories/116026/bn_2314445
Appliances - Home & Garden,Fridges & Freezers - Appliances,6,https://www.ebay.co.uk/b/Fridge-Freezers/20713/bn_3202165
Appliances - Home & Garden,Washing Machines & Dryers - Appliances,6,https://www.ebay.co.uk/b/Washing-Machines-Dryers-Parts-Accessories/42231/bn_2316667
Bath - Home & Garden,Bathroom Suites - Bath,6,https://www.ebay.co.uk/b/Bathroom-Suites/147156/bn_1635245
Bath - Home & Garden,Baths - Bath,6,http://www.ebay.co.uk/rpp/bath
Bath - Home & Garden,Caddies & Organisation - Bath,6,https://www.ebay.co.uk/b/Bath-Caddies-Organisation/54075/bn_821854
Bath - Home & Garden,Jacuzzi/Spa - Bath,6,https://www.ebay.co.uk/b/Whirlpool-Spa-Baths/46249/bn_1633250
Bath - Home & Garden,Plumbing - Bath,6,https://www.ebay.co.uk/b/Bathroom-Plumbing/57212/bn_1623866
Bath - Home & Garden,Shower Enclosures - Bath,6,https://www.ebay.co.uk/b/Shower-Doors-Panels-Trays/147146/bn_1630683
Bath - Home & Garden,Shower Plumbing - Bath,6,https://www.ebay.co.uk/b/Shower-Plumbing/147152/bn_1630048
Bath - Home & Garden,Sinks - Bath,6,https://www.ebay.co.uk/b/Home-Bathroom-Sinks/71283/bn_1632246
Furniture & Homeware - Home & Garden,Bedroom Furniture Sets - Furniture & Homeware,6,https://www.ebay.co.uk/b/Bedroom-Furniture-Sets/20480/bn_1633431
Furniture & Homeware - Home & Garden,Beds & Mattresses - Furniture & Homeware,6,https://www.ebay.co.uk/b/Beds-Mattresses/32254/bn_1632812
Pets - Home & Garden,Beekeeping - Pets,6,https://www.ebay.co.uk/b/Beekeeping-Supplies/116881/bn_1841488
Pets - Home & Garden,Birds - Pets,6,https://www.ebay.co.uk/b/Bird-Supplies/20734/bn_1838582
Pets - Home & Garden,Cat Supplies - Pets,6,https://www.ebay.co.uk/b/Cat-Supplies/20737/bn_1676973
Pets - Home & Garden,Dog Supplies - Pets,6,https://www.ebay.co.uk/b/Dog-Supplies/20742/bn_1841057
Pets - Home & Garden,Fish & Aquarium - Pets,6,https://www.ebay.co.uk/b/Fish-Aquariums/20754/bn_827558
Pets - Home & Garden,Horses - Pets,6,https://www.ebay.co.uk/b/Other-Equestrian-Equipment/1048/bn_1838539
Pets - Home & Garden,Other Pet Supplies - Pets,6,https://www.ebay.co.uk/b/Other-Pet-Supplies/301/bn_1838911
Pets - Home & Garden,Pet Memorials - Pets,6,https://www.ebay.co.uk/b/Pet-Memorials/116391/bn_1842016
Pets - Home & Garden,Poultry & Fowl - Pets,6,https://www.ebay.co.uk/b/Poultry-Waterfowl-Supplies/177801/bn_1841439
Pets - Home & Garden,Reptiles - Pets,6,https://www.ebay.co.uk/b/Reptile-Supplies/1285/bn_1838489
Pets - Home & Garden,Small Animal Supplies - Pets,6,https://www.ebay.co.uk/b/Small-Animal-Supplies/26696/bn_1676810
Pets - Home & Garden,Spiders & Insects - Pets,6,https://www.ebay.co.uk/b/Spider-Insect-Supplies/122950/bn_1839271
"Event Tickets - Sports, Hobbies & Leisure",Cinema Tickets - Event Tickets,6,https://www.ebay.co.uk/b/Cinema-Tickets/170593/bn_1839867
"Event Tickets - Sports, Hobbies & Leisure",Comedy Tickets - Event Tickets,6,https://www.ebay.co.uk/b/Comedy-Tickets/170589/bn_7208288
"Event Tickets - Sports, Hobbies & Leisure",Concert Tickets - Event Tickets,6,https://www.ebay.co.uk/b/Concert-Tickets/34814/bn_1839411
"Event Tickets - Sports, Hobbies & Leisure",Museum Tickets - Event Tickets,6,https://www.ebay.co.uk/b/Museum-Tickets/170592/bn_1841728
"Event Tickets - Sports, Hobbies & Leisure",Other Tickets - Event Tickets,6,https://www.ebay.co.uk/b/Other-Events-Tickets/1306/bn_1838824
"Event Tickets - Sports, Hobbies & Leisure",Special Experience Tickets - Event Tickets,6,https://www.ebay.co.uk/b/Special-Experience-Tickets/170591/bn_1839361
"Event Tickets - Sports, Hobbies & Leisure",Sports Event Tickets - Event Tickets,6,https://www.ebay.co.uk/b/Sport-Event-Tickets/170590/bn_1841092
"Event Tickets - Sports, Hobbies & Leisure",Theatre Tickets - Event Tickets,6,https://www.ebay.co.uk/b/Theatre-Tickets/170588/bn_1841768
"Event Tickets - Sports, Hobbies & Leisure",Theme Park Tickets - Event Tickets,6,https://www.ebay.co.uk/b/Theme-Park-Tickets/170594/bn_1841474
"Holidays & Travel - Sports, Hobbies & Leisure",Accommodation - Holidays & Travel,6,https://www.ebay.co.uk/b/Holiday-Travel-Accommodations/16079/bn_1839157
"Holidays & Travel - Sports, Hobbies & Leisure",Bus / Coach Tickets - Holidays & Travel,6,https://www.ebay.co.uk/b/Bus-Coach-Tickets/88839/bn_1839245
"Holidays & Travel - Sports, Hobbies & Leisure",Car Hire / Car Rental - Holidays & Travel,6,https://www.ebay.co.uk/b/Car-Hire-Car-Rental/147399/bn_1842937
"Holidays & Travel - Sports, Hobbies & Leisure",Ferries / Cruises - Holidays & Travel,6,https://www.ebay.co.uk/b/Ferries-Cruises/16078/bn_1841076
"Holidays & Travel - Sports, Hobbies & Leisure",Flight Tickets - Holidays & Travel,6,https://www.ebay.co.uk/b/Flight-Tickets/3253/bn_1842075
"Holidays & Travel - Sports, Hobbies & Leisure",Other Travel - Holidays & Travel,6,https://www.ebay.co.uk/b/Other-Holiday-Travel/1310/bn_1841079
"Holidays & Travel - Sports, Hobbies & Leisure",Package Holidays - Holidays & Travel,6,https://www.ebay.co.uk/b/Package-Holidays/25614/bn_1839443
"Holidays & Travel - Sports, Hobbies & Leisure",Short Breaks - Holidays & Travel,6,https://www.ebay.co.uk/b/Short-Break-Holidays/34514/bn_1841441
"Holidays & Travel - Sports, Hobbies & Leisure",Train Tickets - Holidays & Travel,6,https://www.ebay.co.uk/b/Train-Tickets/98982/bn_1842040
"Wholesale & Job Lots - Sports, Hobbies & Leisure",Antiques & Art - Wholesale & Job Lots,6,https://www.ebay.co.uk/b/Antiques-Art-Wholesale-Job-Lots/52529/bn_1839069
"Wholesale & Job Lots - Sports, Hobbies & Leisure",Automotive - Wholesale & Job Lots,6,https://www.ebay.co.uk/b/Automotive-Wholesale-Job-Lots/40019/bn_1838396
"Wholesale & Job Lots - Sports, Hobbies & Leisure",Baby - Wholesale & Job Lots,6,https://www.ebay.co.uk/b/Baby-Wholesale-Job-Lots/48757/bn_1842011
"Wholesale & Job Lots - Sports, Hobbies & Leisure","Business, Office & Industrial - Wholesale & Job Lots",6,https://www.ebay.co.uk/b/Business-Office-Industrial-Wholesale-Job-Lots/90926/bn_1839103
"Wholesale & Job Lots - Sports, Hobbies & Leisure","Clothes, Shoes & Accessories - Wholesale & Job Lots",6,https://www.ebay.co.uk/b/Clothing-Shoes-Accessories-Wholesale-Lots/41964/bn_1841091
"Wholesale & Job Lots - Sports, Hobbies & Leisure",Collectables - Wholesale & Job Lots,6,https://www.ebay.co.uk/b/Collectables-Wholesale-Job-Lots/26425/bn_1839034
"Wholesale & Job Lots - Sports, Hobbies & Leisure",Computing - Wholesale & Job Lots,6,https://www.ebay.co.uk/b/Computing-Wholesale-Job-Lots/45090/bn_1838745
"Wholesale & Job Lots - Sports, Hobbies & Leisure",Consumer Electronics - Wholesale & Job Lots,6,https://www.ebay.co.uk/b/Consumer-Electronics-Wholesale-Job-Lots/51004/bn_1838810
"Wholesale & Job Lots - Sports, Hobbies & Leisure",Crafts - Wholesale & Job Lots,6,https://www.ebay.co.uk/b/Crafts-Wholesale-Job-Lots/45077/bn_1839265
"Wholesale & Job Lots - Sports, Hobbies & Leisure","DVDs, Films & TV - Wholesale & Job Lots",6,https://www.ebay.co.uk/b/DVDs-Films-TV-Wholesale-Job-Lots/31606/bn_1841068
"Wholesale & Job Lots - Sports, Hobbies & Leisure",Dolls & Bears - Wholesale & Job Lots,6,https://www.ebay.co.uk/b/Dolls-Bears-Wholesale-Job-Lots/52550/bn_1841063
"Wholesale & Job Lots - Sports, Hobbies & Leisure",Greeting Cards/Stationery - Wholesale & Job Lots,6,https://www.ebay.co.uk/b/Greeting-Cards-Stationery-Wholesale-Job-Lots/91595/bn_1838604
"Wholesale & Job Lots - Sports, Hobbies & Leisure",Health & Beauty - Wholesale & Job Lots,6,https://www.ebay.co.uk/b/Health-Beauty-Wholesale-Job-Lots/31822/bn_1839623
"Wholesale & Job Lots - Sports, Hobbies & Leisure",Home & Garden - Wholesale & Job Lots,6,https://www.ebay.co.uk/b/Home-Garden-Wholesale-Job-Lots/31605/bn_1841070
"Wholesale & Job Lots - Sports, Hobbies & Leisure",Jewellery & Watches - Wholesale & Job Lots,6,https://www.ebay.co.uk/b/Jewellery-Watches-Wholesale-Job-Lots/40131/bn_1839526
"Wholesale & Job Lots - Sports, Hobbies & Leisure",Mixed Lots - Wholesale & Job Lots,6,https://www.ebay.co.uk/b/Mixed-Wholesale-Job-Lots/48461/bn_1841482
"Wholesale & Job Lots - Sports, Hobbies & Leisure",Mobile & Home Phones - Wholesale & Job Lots,6,https://www.ebay.co.uk/b/Mobile-Home-Phones-Wholesale-Job-Lots/45065/bn_1841752
"Wholesale & Job Lots - Sports, Hobbies & Leisure",Music - Wholesale & Job Lots,6,https://www.ebay.co.uk/b/Music-Wholesale-Job-Lots/31608/bn_1842070
"Wholesale & Job Lots - Sports, Hobbies & Leisure",Musical Instruments - Wholesale & Job Lots,6,https://www.ebay.co.uk/b/Musical-Instruments-Wholesale-Job-Lots/52555/bn_1840065
"Wholesale & Job Lots - Sports, Hobbies & Leisure",Novelty Items - Wholesale & Job Lots,6,https://www.ebay.co.uk/b/Novelty-Items-Wholesale-Job-Lots/90950/bn_1838605
"Wholesale & Job Lots - Sports, Hobbies & Leisure",Other Wholesale & Job Lots - Wholesale & Job Lots,6,https://www.ebay.co.uk/b/Other-Wholesale-Job-Lots/56384/bn_1839724
"Wholesale & Job Lots - Sports, Hobbies & Leisure",PC & Video Gaming - Wholesale & Job Lots,6,https://www.ebay.co.uk/b/PC-Video-Gaming-Wholesale-Job-Lots/31583/bn_1839382
"Wholesale & Job Lots - Sports, Hobbies & Leisure",Photography - Wholesale & Job Lots,6,https://www.ebay.co.uk/b/Photography-Wholesale-Job-Lots/45089/bn_1838943
"Wholesale & Job Lots - Sports, Hobbies & Leisure","Pottery, Porcelain & Glass - Wholesale & Job Lots",6,https://www.ebay.co.uk/b/Pottery-Porcelain-Glass-Wholesale-Job-Lots/60102/bn_1840114
"Wholesale & Job Lots - Sports, Hobbies & Leisure",Sporting Goods - Wholesale & Job Lots,6,https://www.ebay.co.uk/b/Sporting-Goods-Wholesale-Job-Lots/26423/bn_1838802
"Wholesale & Job Lots - Sports, Hobbies & Leisure",Sports Memorabilia - Wholesale & Job Lots,6,https://www.ebay.co.uk/b/Sports-Memorabilia-Wholesale-Job-Lots/56080/bn_1842033
"Wholesale & Job Lots - Sports, Hobbies & Leisure",Tickets & Travel - Wholesale & Job Lots,6,https://www.ebay.co.uk/b/Tickets-Travel-Wholesale-Job-Lots/90951/bn_1839167
"Wholesale & Job Lots - Sports, Hobbies & Leisure",Toys & Games - Wholesale & Job Lots,6,https://www.ebay.co.uk/b/Toys-Games-Wholesale-Job-Lots/26424/bn_1839102
Art - Collectibles & Art,Artists (Self-Representing) - Art,6,https://www.ebay.co.uk/rpp/art
Stamps - Collectibles & Art,Africa - Stamps,6,https://www.ebay.co.uk/b/African-Stamps/181423/bn_7204987
Stamps - Collectibles & Art,Asia - Stamps,6,https://www.ebay.co.uk/b/Asian-Stamps/181416/bn_7204992
Stamps - Collectibles & Art,Australia & Oceania - Stamps,6,https://www.ebay.co.uk/b/Australian-Stamps/3468/bn_2316406
Stamps - Collectibles & Art,British Colonies & Territories - Stamps,6,https://www.ebay.co.uk/b/British-Colony-Territory-Stamps/65174/bn_1838441
Stamps - Collectibles & Art,Caribbean - Stamps,6,https://www.ebay.co.uk/b/Caribbean-Stamps/179377/bn_1841762
Stamps - Collectibles & Art,Central & South America - Stamps,6,https://www.ebay.co.uk/b/Central-South-American-Stamps/181417/bn_7204978
Stamps - Collectibles & Art,Europe - Stamps,6,https://www.ebay.co.uk/b/European-Stamps/4742/bn_1840116
Stamps - Collectibles & Art,Great Britain - Stamps,6,https://www.ebay.co.uk/b/Great-Britain-Stamps/3499/bn_1841486
Stamps - Collectibles & Art,Ireland - Stamps,6,https://www.ebay.co.uk/b/Ireland-Stamps/3490/bn_1838619
Stamps - Collectibles & Art,Middle East - Stamps,6,https://www.ebay.co.uk/b/Middle-Eastern-Stamp-Collections-Lots/145842/bn_2315211
Stamps - Collectibles & Art,North America - Stamps,6,https://www.ebay.co.uk/b/Canada-Stamps/3478/bn_2316407
Stamps - Collectibles & Art,Other Stamps - Stamps,6,https://www.ebay.co.uk/b/Other-Postal-Stamps/170137/bn_1842018
Stamps - Collectibles & Art,Philately - Stamps,6,https://www.ebay.co.uk/b/Philately/7898/bn_1838627
Stamps - Collectibles & Art,Publications & Supplies - Stamps,6,https://www.ebay.co.uk/b/Stamp-Publications-Supplies/181421/bn_7204979
Stamps - Collectibles & Art,Scripophily - Stamps,6,https://www.ebay.co.uk/b/Share-Certificates-Bonds/72381/bn_1841739
Stamps - Collectibles & Art,Stamps: World - Stamps,6,https://www.ebay.co.uk/b/Worldwide-Stamps/181420/bn_7204985
Stamps - Collectibles & Art,Thematics - Stamps,6,https://www.ebay.co.uk/b/Thematic-Postal-Stamps/4752/bn_1838585
Stamps - Collectibles & Art,United States - Stamps,6,https://www.ebay.co.uk/b/United-States-Stamps/261/bn_1839154
Stamps - Collectibles & Art,Worldwide - Stamps,6,https://www.ebay.co.uk/b/Worldwide-Stamps/181420/bn_7204985
Wholesale & Job Lots - Collectibles & Art,Antiques & Art - Wholesale & Job Lots,6,https://www.ebay.co.uk/b/Antiques-Art-Wholesale-Job-Lots/52529/bn_1839069
Wholesale & Job Lots - Collectibles & Art,Automotive - Wholesale & Job Lots,6,https://www.ebay.co.uk/b/Automotive-Wholesale-Job-Lots/40019/bn_1838396
Wholesale & Job Lots - Collectibles & Art,Baby - Wholesale & Job Lots,6,https://www.ebay.co.uk/b/Baby-Wholesale-Job-Lots/48757/bn_1842011
Wholesale & Job Lots - Collectibles & Art,"Business, Office & Industrial - Wholesale & Job Lots",6,https://www.ebay.co.uk/b/Business-Office-Industrial-Wholesale-Job-Lots/90926/bn_1839103
Wholesale & Job Lots - Collectibles & Art,"Clothes, Shoes & Accessories - Wholesale & Job Lots",6,https://www.ebay.co.uk/b/Clothing-Shoes-Accessories-Wholesale-Lots/41964/bn_1841091
Wholesale & Job Lots - Collectibles & Art,Collectables - Wholesale & Job Lots,6,https://www.ebay.co.uk/b/Collectables-Wholesale-Job-Lots/26425/bn_1839034
Wholesale & Job Lots - Collectibles & Art,Computing - Wholesale & Job Lots,6,https://www.ebay.co.uk/b/Computing-Wholesale-Job-Lots/45090/bn_1838745
Wholesale & Job Lots - Collectibles & Art,Consumer Electronics - Wholesale & Job Lots,6,https://www.ebay.co.uk/b/Consumer-Electronics-Wholesale-Job-Lots/51004/bn_1838810
Wholesale & Job Lots - Collectibles & Art,Crafts - Wholesale & Job Lots,6,https://www.ebay.co.uk/b/Crafts-Wholesale-Job-Lots/45077/bn_1839265
Wholesale & Job Lots - Collectibles & Art,"DVDs, Films & TV - Wholesale & Job Lots",6,https://www.ebay.co.uk/b/DVDs-Films-TV-Wholesale-Job-Lots/31606/bn_1841068
Wholesale & Job Lots - Collectibles & Art,Dolls & Bears - Wholesale & Job Lots,6,https://www.ebay.co.uk/b/Dolls-Bears-Wholesale-Job-Lots/52550/bn_1841063
Wholesale & Job Lots - Collectibles & Art,Greeting Cards/Stationery - Wholesale & Job Lots,6,https://www.ebay.co.uk/b/Greeting-Cards-Stationery-Wholesale-Job-Lots/91595/bn_1838604
Wholesale & Job Lots - Collectibles & Art,Health & Beauty - Wholesale & Job Lots,6,https://www.ebay.co.uk/b/Health-Beauty-Wholesale-Job-Lots/31822/bn_1839623
Wholesale & Job Lots - Collectibles & Art,Home & Garden - Wholesale & Job Lots,6,https://www.ebay.co.uk/b/Home-Garden-Wholesale-Job-Lots/31605/bn_1841070
Wholesale & Job Lots - Collectibles & Art,Jewellery & Watches - Wholesale & Job Lots,6,https://www.ebay.co.uk/b/Jewellery-Watches-Wholesale-Job-Lots/40131/bn_1839526
Wholesale & Job Lots - Collectibles & Art,Mixed Lots - Wholesale & Job Lots,6,https://www.ebay.co.uk/b/Mixed-Wholesale-Job-Lots/48461/bn_1841482
Wholesale & Job Lots - Collectibles & Art,Mobile & Home Phones - Wholesale & Job Lots,6,https://www.ebay.co.uk/b/Mobile-Home-Phones-Wholesale-Job-Lots/45065/bn_1841752
Wholesale & Job Lots - Collectibles & Art,Music - Wholesale & Job Lots,6,https://www.ebay.co.uk/b/Music-Wholesale-Job-Lots/31608/bn_1842070
Wholesale & Job Lots - Collectibles & Art,Musical Instruments - Wholesale & Job Lots,6,https://www.ebay.co.uk/b/Musical-Instruments-Wholesale-Job-Lots/52555/bn_1840065
Wholesale & Job Lots - Collectibles & Art,Novelty Items - Wholesale & Job Lots,6,https://www.ebay.co.uk/b/Novelty-Items-Wholesale-Job-Lots/90950/bn_1838605
Wholesale & Job Lots - Collectibles & Art,Other Wholesale & Job Lots - Wholesale & Job Lots,6,https://www.ebay.co.uk/b/Other-Wholesale-Job-Lots/56384/bn_1839724
Wholesale & Job Lots - Collectibles & Art,PC & Video Gaming - Wholesale & Job Lots,6,https://www.ebay.co.uk/b/PC-Video-Gaming-Wholesale-Job-Lots/31583/bn_1839382
Wholesale & Job Lots - Collectibles & Art,Photography - Wholesale & Job Lots,6,https://www.ebay.co.uk/b/Photography-Wholesale-Job-Lots/45089/bn_1838943
Wholesale & Job Lots - Collectibles & Art,"Pottery, Porcelain & Glass - Wholesale & Job Lots",6,https://www.ebay.co.uk/b/Pottery-Porcelain-Glass-Wholesale-Job-Lots/60102/bn_1840114
Wholesale & Job Lots - Collectibles & Art,Sporting Goods - Wholesale & Job Lots,6,https://www.ebay.co.uk/b/Sporting-Goods-Wholesale-Job-Lots/26423/bn_1838802
Wholesale & Job Lots - Collectibles & Art,Sports Memorabilia - Wholesale & Job Lots,6,https://www.ebay.co.uk/b/Sports-Memorabilia-Wholesale-Job-Lots/56080/bn_1842033
Wholesale & Job Lots - Collectibles & Art,Tickets & Travel - Wholesale & Job Lots,6,https://www.ebay.co.uk/b/Tickets-Travel-Wholesale-Job-Lots/90951/bn_1839167
Wholesale & Job Lots - Collectibles & Art,Toys & Games - Wholesale & Job Lots,6,https://www.ebay.co.uk/b/Toys-Games-Wholesale-Job-Lots/26424/bn_1839102
Facial Skin Care - Health & Beauty,Acne & Blemish Treatments - Facial Skin Care,6,https://www.ebay.co.uk/b/Acne-Blemish-Treatment/29618/bn_2316278
Cars - Motors,4WD/4X4 - Cars,6,https://www.ebay.co.uk/b/Cars/9801/bn_1839037
Cars - Motors,Classic Cars - Cars,6,https://www.ebay.co.uk/b/Classic-Cars/29751/bn_1839833
Cars - Motors,Estates - Cars,6,https://www.ebay.co.uk/b/Cars/9801/bn_1839037
Cars - Motors,Sports/Convertible Cars - Cars,6,https://www.ebay.co.uk/b/Cars/9801/bn_1839037
Cars - Motors,Standard Cars - Cars,6,https://www.ebay.co.uk/b/Cars/9801/bn_1839037
More Vehicles - Motors,Boats & Watercraft - More Vehicles,6,http://www.ebay.co.uk/rpp/boats
More Vehicles - Motors,Boats & Watercraft - More Vehicles,6,https://www.ebay.co.uk/b/Boats-Watercraft/1293/bn_1838664
More Vehicles - Motors,"Camervans, Caravans, & Motorhomes - More Vehicles",6,https://www.ebay.co.uk/b/Campervans-Caravans-Motorhomes/121904/bn_1838487
More Vehicles - Motors,"Cars, Motorcycles & Vehicles - More Vehicles",6,https://www.ebay.co.uk/b/Cars-Motorcycles-Vehicles/9800/bn_1839671
More Vehicles - Motors,Commercial Lorries & Trucks - More Vehicles,6,https://www.ebay.co.uk/b/Commercial-Lorries-Trucks/122192/bn_2314795
More Vehicles - Motors,Commercial Vans & Pickups - More Vehicles,6,https://www.ebay.co.uk/b/Commercial-Vans-Pickups/122202/bn_2314804
More Vehicles - Motors,Commercial Vehicle Trailers & Transporters - More Vehicles,6,https://www.ebay.co.uk/b/Commercial-Vehicle-Trailers-Transporters/66468/bn_2317189
More Vehicles - Motors,"Minibusses, Buses & Coaches - More Vehicles",6,https://www.ebay.co.uk/b/Minibuses-Buses-Coaches/122195/bn_2314798
Property - Other Categories,Overseas Estate Agents - Property,6,https://www.ebay.co.uk/b/Overseas-Estate-Agents/172188/bn_2315432
Property - Other Categories,Private Overseas Property - Property,6,https://www.ebay.co.uk/b/Private-Overseas-Property/1607/bn_2315346
Property - Other Categories,Private UK & Ireland Property - Property,6,https://www.ebay.co.uk/b/Private-UK-Ireland-Property/93847/bn_2317917
Property - Other Categories,Private UK Ireland Property - Property,6,https://www.ebay.co.uk/b/Private-UK-Ireland-Property/93847/bn_2317917
Property - Other Categories,UK & Ireland Estate Agents - Property,6,https://www.ebay.co.uk/b/UK-and-Ireland-Estate-Agents/172207/bn_7208297
Property - Other Categories,UK and Ireland Estate Agents - Property,6,https://www.ebay.co.uk/b/UK-and-Ireland-Estate-Agents/172207/bn_7208297